val/accuracy,val/f1,val/auc,val/youden,val/PPV,val/NPV,val/TPR,val/TNR,val/FPR,val/FNR,val/age_accuracy_group_0,val/age_accuracy_group_1,val/age_f1_group_0,val/age_f1_group_1,val/age_auc_group_0,val/age_auc_group_1,val/age_prevalence_group_0,val/age_prevalence_group_1,val/age_disease_prevalence_group_0,val/age_disease_prevalence_group_1,val/age_tpr_group_0,val/age_tpr_group_1,val/age_tnr_group_0,val/age_tnr_group_1,val/age_tpr_diff,val/age_youden_group_0,val/age_youden_group_1,val/age_dp,val/age_eq_odds,val/age_eq_opportunity,val/sex_accuracy_group_0,val/sex_accuracy_group_1,val/sex_f1_group_0,val/sex_f1_group_1,val/sex_auc_group_0,val/sex_auc_group_1,val/sex_prevalence_group_0,val/sex_prevalence_group_1,val/sex_disease_prevalence_group_0,val/sex_disease_prevalence_group_1,val/sex_tpr_group_0,val/sex_tpr_group_1,val/sex_tnr_group_0,val/sex_tnr_group_1,val/sex_tpr_diff,val/sex_youden_group_0,val/sex_youden_group_1,val/sex_dp,val/sex_eq_odds,val/sex_eq_opportunity,val/auc_gap,val/f1_gap,val/accuracy_gap,val/loss,val/primary_loss,val/fair_loss,epoch,step,train/accuracy,train/f1,train/auc,train/youden,train/PPV,train/NPV,train/TPR,train/TNR,train/FPR,train/FNR,train/age_accuracy_group_0,train/age_accuracy_group_1,train/age_f1_group_0,train/age_f1_group_1,train/age_auc_group_0,train/age_auc_group_1,train/age_prevalence_group_0,train/age_prevalence_group_1,train/age_disease_prevalence_group_0,train/age_disease_prevalence_group_1,train/age_tpr_group_0,train/age_tpr_group_1,train/age_tnr_group_0,train/age_tnr_group_1,train/age_tpr_diff,train/age_youden_group_0,train/age_youden_group_1,train/age_dp,train/age_eq_odds,train/age_eq_opportunity,train/sex_accuracy_group_0,train/sex_accuracy_group_1,train/sex_f1_group_0,train/sex_f1_group_1,train/sex_auc_group_0,train/sex_auc_group_1,train/sex_prevalence_group_0,train/sex_prevalence_group_1,train/sex_disease_prevalence_group_0,train/sex_disease_prevalence_group_1,train/sex_tpr_group_0,train/sex_tpr_group_1,train/sex_tnr_group_0,train/sex_tnr_group_1,train/sex_tpr_diff,train/sex_youden_group_0,train/sex_youden_group_1,train/sex_dp,train/sex_eq_odds,train/sex_eq_opportunity,train/auc_gap,train/f1_gap,train/accuracy_gap,train/loss,train/primary_loss,train/fair_loss
0.8533872365951538,0.6253229975700378,0.9044928193942234,0.6074089797830446,0.5475113391876221,0.94140625,0.7289156913757324,0.8784933090209961,0.12150668352842331,0.27108433842658997,0.8930163383483887,0.7689873576164246,0.5443037748336792,0.6812227368354797,0.8955513964871871,0.8778421126959469,0.6804853387259858,0.3195146612740142,0.1025260029717682,0.3069620253164557,0.6231883764266968,0.8041236996650696,0.9238410592079163,0.7534246444702148,0.1809353083372116,0.5470294653997505,0.5575483688744529,0.2854778339947712,0.1809353083372116,0.20443602234468752,0.8489483594894409,0.8583691120147705,0.6775510311126709,0.5352112650871277,0.9138975582889663,0.8839428297668477,0.5288169868554095,0.4711830131445905,0.1988527724665392,0.13304721030042918,0.7980769276618958,0.6129032373428345,0.861575186252594,0.896039605140686,0.18517369031906128,0.6596521020745365,0.5089428297668477,0.09792465062079944,0.18517369031906128,0.06580556216611003,0.03605544559301943,0.14601144194602966,0.1240290030837059,0.35214853286743164,0.35214853286743164,0.0,0,181,,,,,,,,,,,,,,,,,,,,,,,,,,,,,,,,,,,,,,,,,,,,,,,,,,,,,,,,
,,,,,,,,,,,,,,,,,,,,,,,,,,,,,,,,,,,,,,,,,,,,,,,,,,,,,,,,0,181,0.7979676127433777,0.8072625994682312,0.8864246002965411,0.5949090467158702,0.7815781235694885,0.8173112869262695,0.8346924781799316,0.7602165341377258,0.23978345096111298,0.16530750691890717,0.8082365393638611,0.7908971905708313,0.7256797552108765,0.8377341628074646,0.8912900963623831,0.863622871989216,0.4077678263864967,0.5922321736135032,0.3341077085533263,0.6258542969318016,0.7591655850410461,0.8624535202980042,0.832857608795166,0.6712009310722351,0.10328792035579681,0.5920232090882882,0.5336544643618244,0.2978470849758749,0.16165666282176971,0.29174658837847534,0.7927631735801697,0.8036876320838928,0.8149779438972473,0.7974636554718018,0.8780465069729061,0.8939706984145361,0.5235962797106442,0.47640372028935585,0.5432565789473685,0.46691973969631234,0.8401453495025635,0.8277196884155273,0.7364062070846558,0.7826381921768188,0.012425616383552551,0.5765515161683963,0.6103578882032099,0.0744592466796058,0.046231988817453384,0.07633683925105611,0.03034782642532019,0.11205438524484634,0.017339343205094337,0.4168933928012848,0.4168933928012848,0.0
0.8756319284439087,0.6350148320198059,0.9022895958072875,0.5668140362177752,0.6257309913635254,0.9278728365898132,0.6445783376693726,0.9222357273101807,0.07776428014039993,0.35542169213294983,0.9034175276756287,0.8164557218551636,0.525547444820404,0.7099999785423279,0.8927200307131203,0.8862213435013888,0.6804853387259858,0.3195146612740142,0.1025260029717682,0.3069620253164557,0.52173912525177,0.7319587469100952,0.9470198750495911,0.853881299495697,0.2102196365594864,0.4687589979844513,0.5858400414254108,0.22490924821787953,0.2102196365594864,0.20443602234468752,0.8546845316886902,0.8991416096687317,0.6545454263687134,0.5982906222343445,0.8983844317973196,0.9025071862024913,0.5288169868554095,0.4711830131445905,0.1988527724665392,0.13304721030042918,0.692307710647583,0.5645161271095276,0.8949880599975586,0.9504950642585754,0.12779156863689423,0.587295759133468,0.5150111785372085,0.10377157206279389,0.12779156863689423,0.06580556216611003,0.01628584270110245,0.18445254862308502,0.08696183562278748,0.40003594756126404,0.40003594756126404,0.0,1,363,,,,,,,,,,,,,,,,,,,,,,,,,,,,,,,,,,,,,,,,,,,,,,,,,,,,,,,,
,,,,,,,,,,,,,,,,,,,,,,,,,,,,,,,,,,,,,,,,,,,,,,,,,,,,,,,,1,363,0.889424741268158,0.8911864161491394,0.9566785122498151,0.7788786705370168,0.8764793872833252,0.9032602906227112,0.906395435333252,0.8724831938743591,0.12751677632331848,0.09360454976558685,0.8857566714286804,0.8919349908828735,0.831193208694458,0.9134425520896912,0.9516665611829753,0.9536778252697021,0.4063038236307268,0.5936961763692732,0.331072488342518,0.6148825065274152,0.8495518565177917,0.9273413419723511,0.9036755561828613,0.8354048728942871,0.07778950035572052,0.7532273952506374,0.762746250514792,0.28789710056222284,0.07778950035572052,0.28381001818489715,0.8825438022613525,0.8972100019454956,0.8930259943008423,0.8887122273445129,0.9497102889689298,0.9631758387231395,0.5308301756803306,0.4691698243196693,0.541693705386113,0.45190895741556536,0.9050614237785339,0.9082047343254089,0.8559291958808899,0.8881446719169617,0.003143315901979804,0.7609905991672563,0.7963493867672753,0.08456186792526549,0.03221547231078148,0.08978474797054758,0.01346554975420966,0.08224931359291077,0.014666182920336723,0.2640233039855957,0.2640233039855957,0.0
0.8705763220787048,0.644444465637207,0.9143011901799177,0.6040199680861966,0.5979381203651428,0.9371069073677063,0.6987951993942261,0.9052248001098633,0.09477521479129791,0.3012048304080963,0.901931643486023,0.8037974834442139,0.5657894611358643,0.7019230723381042,0.9165226989154429,0.883632255331168,0.6804853387259858,0.3195146612740142,0.1025260029717682,0.3069620253164557,0.6231883764266968,0.7525773048400879,0.9337748289108276,0.8264840245246887,0.12938891351222992,0.5569632402341875,0.5790613378524689,0.22793744239848024,0.12938891351222992,0.20443602234468752,0.8546845316886902,0.8884119987487793,0.6752136945724487,0.5873016119003296,0.9179823756196072,0.9061002874480997,0.5288169868554095,0.4711830131445905,0.1988527724665392,0.13304721030042918,0.7596153616905212,0.5967742204666138,0.8782815933227539,0.9331682920455933,0.16284118592739105,0.6378970075270791,0.5299425103800703,0.1112269097891826,0.16284118592739105,0.06580556216611003,0.0343501202884392,0.1361335963010788,0.09813418239355087,0.3565264046192169,0.3565264046192169,0.0,2,545,,,,,,,,,,,,,,,,,,,,,,,,,,,,,,,,,,,,,,,,,,,,,,,,,,,,,,,,
,,,,,,,,,,,,,,,,,,,,,,,,,,,,,,,,,,,,,,,,,,,,,,,,,,,,,,,,2,545,0.9158629179000854,0.9173924326896667,0.9729357232029696,0.8315398235129374,0.9091671109199524,0.9229406714439392,0.9257678985595703,0.9057719111442566,0.094228096306324,0.0742320790886879,0.9119932651519775,0.918552041053772,0.8704791069030762,0.9350558519363403,0.9695477709451072,0.9710244892344048,0.410006889424733,0.5899931105752669,0.3356437723167402,0.6220989636549409,0.8811013698577881,0.9425152540206909,0.9276003837585449,0.8791038990020752,0.06141387298703194,0.8087017561075593,0.8216191521759659,0.2881891932551406,0.06141387298703194,0.2864551913382007,0.9059205055236816,0.9271158576011658,0.914175808429718,0.9216808080673218,0.9662501524349832,0.979218298749164,0.5309162934894937,0.46908370651050635,0.5433901054339011,0.460804112355425,0.9220895767211914,0.9306772947311401,0.8866785168647766,0.9240722060203552,0.008587738499045372,0.8087680602317011,0.8547494733358021,0.08299816368035795,0.03739367425441742,0.08258599307847608,0.01296814631418075,0.06457673013210297,0.021195324137806892,0.20802484452724457,0.20802484452724457,0.0
0.8675429821014404,0.6506666541099548,0.9024799074792488,0.6292289449413695,0.5837320685386658,0.9435897469520569,0.7349397540092468,0.8942891955375671,0.10571081191301346,0.2650602459907532,0.8989598751068115,0.800632894039154,0.5802469253540039,0.7042253613471985,0.8953594394855552,0.8807136468483735,0.6804853387259858,0.3195146612740142,0.1025260029717682,0.3069620253164557,0.6811594367027283,0.7731958627700806,0.9238410592079163,0.8127853870391846,0.09203645586967468,0.6050004798925042,0.5859812644165137,0.22890138619820566,0.11105567216873169,0.20443602234468752,0.8585085868835449,0.8776823878288269,0.681034505367279,0.6013985872268677,0.903387185606756,0.8965186841264772,0.5288169868554095,0.4711830131445905,0.1988527724665392,0.13304721030042918,0.7596153616905212,0.6935483813285828,0.8830549120903015,0.905940592288971,0.06606699526309967,0.6426702772168165,0.5994889811561803,0.07092213131570094,0.06606699526309967,0.06580556216611003,0.022673538758382517,0.12397843599319458,0.09832696616649628,0.43588438630104065,0.43588438630104065,0.0,3,727,,,,,,,,,,,,,,,,,,,,,,,,,,,,,,,,,,,,,,,,,,,,,,,,,,,,,,,,
,,,,,,,,,,,,,,,,,,,,,,,,,,,,,,,,,,,,,,,,,,,,,,,,,,,,,,,,3,727,0.9335170388221741,0.9333218336105347,0.9813191850171123,0.8671411516753929,0.927394449710846,0.9396820068359375,0.9393254518508911,0.9278156757354736,0.07218430191278458,0.06067454814910889,0.9252728819847107,0.9392523169517517,0.888541042804718,0.9503816962242126,0.9757185804985076,0.9828313978511606,0.4102652428522218,0.5897347571477781,0.32871536523929473,0.6112733644859814,0.9061302542686462,0.9517439007759094,0.9346466660499573,0.9196093082427979,0.04561363905668259,0.840776922358083,0.8713532245691784,0.2712960619757213,0.04561363905668259,0.2825579992466866,0.9274821281433105,0.9403451085090637,0.932077169418335,0.9349609613418579,0.9779007528080325,0.984429621423984,0.5308301756803306,0.4691698243196693,0.5319597663854639,0.453928046989721,0.9353461265563965,0.9446017146110535,0.9185441732406616,0.9368067383766174,0.009255556389689445,0.8538903362239512,0.8814084210311703,0.07240182919914889,0.018262527883052826,0.07803171939574294,0.008711040925476476,0.061840664595365524,0.015072200447320938,0.17212830483913422,0.17212830483913422,0.0
0.8725985884666443,0.5298507213592529,0.8754410107013716,0.39004377168455107,0.6960784196853638,0.8928974270820618,0.4277108311653137,0.9623329043388367,0.03766707330942154,0.5722891688346863,0.9108469486236572,0.7911392450332642,0.43396225571632385,0.5925925970077515,0.8640944428448027,0.8503977780916067,0.6804853387259858,0.3195146612740142,0.1025260029717682,0.3069620253164557,0.3333333432674408,0.49484536051750183,0.9768211841583252,0.922374427318573,0.16151203215122223,0.3101545253863134,0.4172197900484864,0.1507184907931612,0.16151203215122223,0.20443602234468752,0.8489483594894409,0.8991416096687317,0.5380116701126099,0.5154638886451721,0.8588213695612265,0.8944027467262855,0.5288169868554095,0.4711830131445905,0.1988527724665392,0.13304721030042918,0.4423076808452606,0.4032258093357086,0.9498806595802307,0.9752475023269653,0.039081886410713196,0.3921883605654488,0.3784733312040882,0.052999778432450614,0.039081886410713196,0.06580556216611003,0.04400496863467884,0.15863032639026642,0.11970771104097366,0.5498579740524292,0.5498579740524292,0.0,4,909,,,,,,,,,,,,,,,,,,,,,,,,,,,,,,,,,,,,,,,,,,,,,,,,,,,,,,,,
,,,,,,,,,,,,,,,,,,,,,,,,,,,,,,,,,,,,,,,,,,,,,,,,,,,,,,,,4,909,0.9470375180244446,0.9473143219947815,0.9886175002903479,0.8940959321474282,0.9409462213516235,0.9532775282859802,0.9537692070007324,0.9403267502784729,0.0596732571721077,0.04623080790042877,0.9380549788475037,0.95321124792099,0.9061198234558105,0.9623479843139648,0.9837567110833784,0.9899502104234355,0.40733723734068206,0.5926627626593179,0.32325581395348835,0.6201685556524266,0.9247874617576599,0.9641517996788025,0.9443923830986023,0.9353481531143188,0.03936438634991646,0.8691798201551224,0.8994999530320837,0.285918408349016,0.03936438634991646,0.2969127416989382,0.9412820339202881,0.9534756541252136,0.9463966488838196,0.9485576152801514,0.9867475029119654,0.9901426093296969,0.5279882879779538,0.47201171202204617,0.5421627793182189,0.45119503740193395,0.9560770392417908,0.9506672024726868,0.9237620234489441,0.9557845592498779,0.00540980976074934,0.8798390391564497,0.9064517802909724,0.10005198486573519,0.03202255070209503,0.09096774191628493,0.006385898246318522,0.056228157132864,0.015420675277709961,0.13484500348567963,0.13484500348567963,0.0
0.8756319284439087,0.6168224215507507,0.9060445914886764,0.5283417997628423,0.6387096643447876,0.9196642637252808,0.5963855385780334,0.9319562315940857,0.06804374605417252,0.40361446142196655,0.9123328328132629,0.797468364238739,0.5123966932296753,0.6800000071525574,0.902845762549189,0.8696511792119758,0.6804853387259858,0.3195146612740142,0.1025260029717682,0.3069620253164557,0.4492753744125366,0.7010309100151062,0.9652317762374878,0.8401826620101929,0.25175556540489197,0.41450715039831065,0.5412135762368779,0.24868339383452143,0.25175556540489197,0.20443602234468752,0.866156816482544,0.8862661123275757,0.672897219657898,0.5046728849411011,0.9169038002570222,0.8855397636537847,0.5288169868554095,0.4711830131445905,0.1988527724665392,0.13304721030042918,0.692307710647583,0.4354838728904724,0.9093078970909119,0.9554455280303955,0.2568238079547882,0.6016155682026803,0.3909294155221974,0.11375852419599701,0.2568238079547882,0.06580556216611003,0.04725262104504646,0.1753271073102951,0.11486448347568512,0.3219403326511383,0.3219403326511383,0.0,5,1091,,,,,,,,,,,,,,,,,,,,,,,,,,,,,,,,,,,,,,,,,,,,,,,,,,,,,,,,
,,,,,,,,,,,,,,,,,,,,,,,,,,,,,,,,,,,,,,,,,,,,,,,,,,,,,,,,5,1091,0.8765931725502014,0.879326343536377,0.9492234134565695,0.7531272719807893,0.8614090085029602,0.8931723833084106,0.8980048298835754,0.855122447013855,0.14487753808498383,0.10199518501758575,0.8664177656173706,0.8838168382644653,0.8060240745544434,0.9077732563018799,0.9422240283389945,0.9465482134706196,0.4151739579745091,0.5848260420254908,0.34017838622692387,0.6146370195847445,0.8158536553382874,0.930282711982727,0.8924866318702698,0.8097057938575745,0.1144290417432785,0.7083402979581508,0.7399884724093084,0.29664311920577924,0.1144290417432785,0.2744586333578206,0.8697636723518372,0.8842431902885437,0.8826208114624023,0.8749013543128967,0.9402488189670689,0.9572193498256397,0.5283327592146055,0.4716672407853944,0.5414832925835371,0.45499360964031405,0.9042745232582092,0.8896468877792358,0.829008162021637,0.8797320127487183,0.014627663418650627,0.7332827097378152,0.769378863283781,0.09772168685258453,0.05072381719946861,0.08648968294322307,0.01697053085857081,0.10174913704395294,0.017825443297624588,0.285101056098938,0.285101056098938,0.0
0.8766430616378784,0.6187499761581421,0.9061470670043479,0.529556866591518,0.6428571343421936,0.9197604656219482,0.5963855385780334,0.9331713318824768,0.06682867556810379,0.40361446142196655,0.9078751802444458,0.8101266026496887,0.5,0.6938775777816772,0.8990066225165563,0.8783599303299912,0.6804853387259858,0.3195146612740142,0.1025260029717682,0.3069620253164557,0.4492753744125366,0.7010309100151062,0.9602649211883545,0.8584474921226501,0.25175556540489197,0.40954026298109225,0.5594784164195263,0.2315675136832998,0.25175556540489197,0.20443602234468752,0.866156816482544,0.8884119987487793,0.6698113083839417,0.5185185074806213,0.9141958876445749,0.8894522516767805,0.5288169868554095,0.4711830131445905,0.1988527724665392,0.13304721030042918,0.682692289352417,0.4516128897666931,0.9116945266723633,0.9554455280303955,0.23107939958572388,0.5943868184321646,0.4070584477802619,0.10778850967101322,0.23107939958572388,0.06580556216611003,0.03583595731458378,0.19387754797935486,0.09774859994649887,0.327942818403244,0.327942818403244,0.0,6,1273,,,,,,,,,,,,,,,,,,,,,,,,,,,,,,,,,,,,,,,,,,,,,,,,,,,,,,,,
,,,,,,,,,,,,,,,,,,,,,,,,,,,,,,,,,,,,,,,,,,,,,,,,,,,,,,,,6,1273,0.8889080286026001,0.8925179243087769,0.9586475262864199,0.7771853445020667,0.8787530660629272,0.9001268744468689,0.9067208170890808,0.8704645037651062,0.1295354962348938,0.0932791605591774,0.8853489756584167,0.8913901448249817,0.8334855437278748,0.9147642254829407,0.9530228804556592,0.9562774938233055,0.4108680675163624,0.5891319324836376,0.3399706560469503,0.6263704136822102,0.8440197110176086,0.9304550886154175,0.9066370129585266,0.8258998394012451,0.08643534779548645,0.7506567563577815,0.7563549193514516,0.29929425792205383,0.08643534779548645,0.28639975763525993,0.8819613456726074,0.8967540860176086,0.8937289714813232,0.8909125924110413,0.9500210534374521,0.9666732058092444,0.530399586634516,0.46960041336548397,0.5455431076473454,0.4670823399963323,0.9098214507102966,0.9026305675506592,0.8485172986984253,0.8916035890579224,0.007190882693976164,0.7583387561884347,0.7942341245425641,0.08581999948965358,0.04308624938130379,0.07846076765101306,0.016652152371792295,0.0812787115573883,0.014792722649872303,0.26074084639549255,0.26074084639549255,0.0
0.8725985884666443,0.6012658476829529,0.9083063725131387,0.5054604810493493,0.6333333253860474,0.9153754711151123,0.5722891688346863,0.9331713318824768,0.06682867556810379,0.4277108311653137,0.9049034118652344,0.8037974834442139,0.46666666865348816,0.6836734414100647,0.9026778001727613,0.8788777479640353,0.6804853387259858,0.3195146612740142,0.1025260029717682,0.3069620253164557,0.4057970941066742,0.6907216310501099,0.9619205594062805,0.853881299495697,0.28492453694343567,0.36771763125059986,0.5446029280233489,0.23751105008746026,0.28492453694343567,0.20443602234468752,0.8623327016830444,0.8841201663017273,0.6504854559898376,0.5090909004211426,0.9125436019827428,0.8981156180134142,0.5288169868554095,0.4711830131445905,0.1988527724665392,0.13304721030042918,0.6442307829856873,0.4516128897666931,0.9164677858352661,0.9504950642585754,0.19261786341667175,0.5606985496603636,0.40210795273075695,0.09202438884284295,0.19261786341667175,0.06580556216611003,0.033665854018707475,0.21700680255889893,0.1011059507727623,0.33231121301651,0.33231121301651,0.0,7,1455,,,,,,,,,,,,,,,,,,,,,,,,,,,,,,,,,,,,,,,,,,,,,,,,,,,,,,,,
,,,,,,,,,,,,,,,,,,,,,,,,,,,,,,,,,,,,,,,,,,,,,,,,,,,,,,,,7,1455,0.8961419463157654,0.8973442316055298,0.9641165126629314,0.7922549713772693,0.8882709741592407,0.9043677449226379,0.9066047668457031,0.8856502175331116,0.11434977501630783,0.09339525550603867,0.8957894444465637,0.896385908126831,0.8465116024017334,0.9165786504745483,0.9608006443009479,0.9611336390736729,0.4090595935239407,0.5909404064760593,0.33431578947368423,0.6158554357330225,0.8595718145370483,0.9242782592773438,0.9139785170555115,0.851669192314148,0.06470648944377899,0.7735502830367542,0.7759474730819473,0.28157069444231386,0.06470648944377899,0.28153964625933825,0.886557400226593,0.90674889087677,0.8960648775100708,0.8990176916122437,0.9547715429812342,0.9726185171038112,0.5253186358939028,0.4746813641060971,0.54,0.45718432510885343,0.9055858850479126,0.9079365134239197,0.8642195463180542,0.9057486653327942,0.002350594149902463,0.7698054433621078,0.8136851710381121,0.08521996716552854,0.041529133915901184,0.0828156748911466,0.017846974122576964,0.07006704062223434,0.020191533491015434,0.24209754168987274,0.24209754168987274,0.0
0.8887765407562256,0.6258503198623657,0.9051735496054693,0.5104744616375587,0.71875,0.9140534400939941,0.5542168617248535,0.9562575817108154,0.043742407113313675,0.4457831382751465,0.9197622537612915,0.8227847814559937,0.5178571343421936,0.692307710647583,0.8904165466935406,0.8844795932777856,0.6804853387259858,0.3195146612740142,0.1025260029717682,0.3069620253164557,0.4202898442745209,0.6494845151901245,0.9768211841583252,0.8995434045791626,0.22919468581676483,0.39711104712544376,0.549027915077908,0.20509432542742678,0.22919468581676483,0.20443602234468752,0.8738049864768982,0.9055793881416321,0.6597937941551208,0.5600000023841858,0.908481733064072,0.8947620568508463,0.5288169868554095,0.4711830131445905,0.1988527724665392,0.13304721030042918,0.6153846383094788,0.4516128897666931,0.9379475116729736,0.9752475023269653,0.16377171874046326,0.5533321094180284,0.4268604279782817,0.09053906564143806,0.16377171874046326,0.06580556216611003,0.024002139786286403,0.17445054650306702,0.09697744995355606,0.35914093255996704,0.35914093255996704,0.0,8,1637,,,,,,,,,,,,,,,,,,,,,,,,,,,,,,,,,,,,,,,,,,,,,,,,,,,,,,,,
,,,,,,,,,,,,,,,,,,,,,,,,,,,,,,,,,,,,,,,,,,,,,,,,,,,,,,,,8,1637,0.9037202596664429,0.9049319624900818,0.9676853130755062,0.8073896214235536,0.895791232585907,0.9120239615440369,0.9142611622810364,0.8931284546852112,0.10687154531478882,0.08573883026838303,0.8978517055511475,0.9077796936035156,0.8499845266342163,0.9257652163505554,0.961331465958571,0.9671619855206223,0.40888735790561487,0.5911126420943851,0.3380370682392586,0.6140734265734266,0.8560747504234314,0.9364175796508789,0.9191855192184448,0.8622121810913086,0.08034279197454453,0.7752602579237053,0.7986297118767709,0.28532391506275245,0.08034279197454453,0.27603635833416795,0.8934358954429626,0.9151371717453003,0.9037124514579773,0.9065813422203064,0.9593411297235306,0.9754913843565036,0.5260936961763693,0.47390630382363075,0.5459158618431822,0.4515718698891514,0.9160419702529907,0.9118712544441223,0.8662580847740173,0.9178263545036316,0.004170751664787531,0.7823000900414969,0.8296976024470215,0.10397019414728981,0.05156826227903366,0.09434399195403081,0.016150254632973038,0.07578068226575851,0.021701283752918243,0.22933189570903778,0.22933189570903778,0.0
0.8857432007789612,0.6169491410255432,0.9063959361138357,0.5020202315946656,0.7054263353347778,0.9127907156944275,0.5481927990913391,0.953827440738678,0.04617254063487053,0.4518072307109833,0.9242199063301086,0.8037974834442139,0.5321100950241089,0.6666666865348816,0.8933198963432192,0.8824553970719766,0.6804853387259858,0.3195146612740142,0.1025260029717682,0.3069620253164557,0.4202898442745209,0.6391752362251282,0.9817880988121033,0.8767123222351074,0.2188854068517685,0.4020779345426624,0.515887586499082,0.2222102055786484,0.2188854068517685,0.20443602234468752,0.8718929290771484,0.9012875556945801,0.656410276889801,0.5400000214576721,0.9094685147787773,0.8970376876397317,0.5288169868554095,0.4711830131445905,0.1988527724665392,0.13304721030042918,0.6153846383094788,0.4354838728904724,0.9355608820915222,0.9727723002433777,0.17990075051784515,0.5509454745731595,0.40825614819546474,0.0924511115305394,0.17990075051784515,0.06580556216611003,0.027013117706800704,0.1345565766096115,0.12042244523763657,0.35520660877227783,0.35520660877227783,0.0,9,1819,,,,,,,,,,,,,,,,,,,,,,,,,,,,,,,,,,,,,,,,,,,,,,,,,,,,,,,,
,,,,,,,,,,,,,,,,,,,,,,,,,,,,,,,,,,,,,,,,,,,,,,,,,,,,,,,,9,1819,0.9063899517059326,0.9067832827568054,0.9687138253916663,0.8129240754341192,0.896861732006073,0.9162148237228394,0.9169268012046814,0.8959972858428955,0.10400273650884628,0.083073191344738,0.9042080640792847,0.9078890085220337,0.8559618592262268,0.9255518913269043,0.9646798042149058,0.9667527446241293,0.4072511195315191,0.5927488804684808,0.32797631634595054,0.6123783234054918,0.8678272366523743,0.9349940419197083,0.9219635128974915,0.8650674819946289,0.06716685742139816,0.7897907073087502,0.8000615350687645,0.28780372738839094,0.06716685742139816,0.2844020070595413,0.8979524970054626,0.9157435894012451,0.906329870223999,0.9073852300643921,0.962994833330887,0.9738808762568794,0.5257492249397175,0.47425077506028246,0.5374283374283374,0.45124387143635375,0.9186223745346069,0.9146881103515625,0.8739376664161682,0.9166114926338196,0.00393424229696393,0.7925600482821085,0.83129964432525,0.09349919773017651,0.04267383739352226,0.08618446599198365,0.010886042925992379,0.06959005445241928,0.017791101709008217,0.22600305080413818,0.22600305080413818,0.0
0.8786653280258179,0.6296296119689941,0.9073474944736417,0.5464140889194689,0.6455696225166321,0.9229843616485596,0.6144578456878662,0.9319562315940857,0.06804374605417252,0.3855421543121338,0.9167904853820801,0.797468364238739,0.5409836173057556,0.6831682920455933,0.9018859775410307,0.8741232405969025,0.6804853387259858,0.3195146612740142,0.1025260029717682,0.3069620253164557,0.47826087474823,0.7113401889801025,0.9668874144554138,0.835616409778595,0.23307934403419495,0.4451482867837604,0.5469566445417313,0.2535266236575319,0.23307934403419495,0.20443602234468752,0.8699808716773987,0.8884119987487793,0.6792452931404114,0.5357142686843872,0.9178676335597576,0.8868971574576812,0.5288169868554095,0.4711830131445905,0.1988527724665392,0.13304721030042918,0.692307710647583,0.4838709533214569,0.9140811562538147,0.9504950642585754,0.2084367275238037,0.6063888378924178,0.43436601724688595,0.09920481868388875,0.2084367275238037,0.06580556216611003,0.04374439296285515,0.14745403826236725,0.11932213604450226,0.3152613639831543,0.3152613639831543,0.0,10,2001,,,,,,,,,,,,,,,,,,,,,,,,,,,,,,,,,,,,,,,,,,,,,,,,,,,,,,,,
,,,,,,,,,,,,,,,,,,,,,,,,,,,,,,,,,,,,,,,,,,,,,,,,,,,,,,,,10,2001,0.8821908235549927,0.8850420117378235,0.9526420577625683,0.7641618705629292,0.8686901926994324,0.8969369530677795,0.9020212292671204,0.8621406555175781,0.13785937428474426,0.09797876328229904,0.8759623765945435,0.8863898515701294,0.8186366558074951,0.909446120262146,0.9434892045595844,0.9521742914219031,0.40268687564588357,0.5973131243541164,0.33426005132591957,0.6163494809688581,0.8374919891357422,0.925614058971405,0.8952778577804565,0.8233746886253357,0.08812203258275986,0.732769869568497,0.7489887062639689,0.28860630197834686,0.08812203258275986,0.28208942964293854,0.8741452097892761,0.8912248611450195,0.8868062496185303,0.8826661705970764,0.9447069918010338,0.9599099077227192,0.5289355838787462,0.4710644161212539,0.5470530771735591,0.45301645338208407,0.901190459728241,0.9031476974487305,0.8414809703826904,0.8813502788543701,0.001957223517820239,0.7426714251480608,0.7844979671375483,0.0907595201201069,0.03986931964755058,0.09403662379147504,0.01642070316313482,0.09080945700407028,0.017079632729291916,0.2763822078704834,0.2763822078704834,0.0
0.8766430616378784,0.6234567761421204,0.9074280109502407,0.5391749257052512,0.6392405033111572,0.9217810034751892,0.608433723449707,0.9307411909103394,0.06925880908966064,0.39156627655029297,0.9108469486236572,0.8037974834442139,0.5161290168762207,0.6899999976158142,0.8998464343986947,0.8779362613566822,0.6804853387259858,0.3195146612740142,0.1025260029717682,0.3069620253164557,0.4637681245803833,0.7113401889801025,0.9619205594062805,0.844748854637146,0.24757209420204163,0.4256886457433535,0.5560890646330556,0.24422574153140109,0.24757209420204163,0.20443602234468752,0.866156816482544,0.8884119987487793,0.6698113083839417,0.5357142686843872,0.9162382963098954,0.8895320983711275,0.5288169868554095,0.4711830131445905,0.1988527724665392,0.13304721030042918,0.682692289352417,0.4838709533214569,0.9116945266723633,0.9504950642585754,0.19882133603096008,0.5943868184321646,0.43436601724688595,0.09920481868388875,0.19882133603096008,0.06580556216611003,0.03830203495321316,0.1738709658384323,0.10704948753118515,0.3221302628517151,0.3221302628517151,0.0,11,2183,,,,,,,,,,,,,,,,,,,,,,,,,,,,,,,,,,,,,,,,,,,,,,,,,,,,,,,,
,,,,,,,,,,,,,,,,,,,,,,,,,,,,,,,,,,,,,,,,,,,,,,,,,,,,,,,,11,2183,0.8765931725502014,0.8799128532409668,0.9494580618435503,0.752768303469346,0.8671952486038208,0.8868297934532166,0.8930090069770813,0.8597592711448669,0.14024071395397186,0.1069909855723381,0.8721129298210144,0.8796136379241943,0.816676914691925,0.9037020206451416,0.9430127262340314,0.947152775966251,0.40268687564588357,0.5973131243541164,0.344311377245509,0.615484429065744,0.8273292183876038,0.9177793264389038,0.8956294655799866,0.8185226917266846,0.09045014530420303,0.7229586772171643,0.7363020240881695,0.281366333077789,0.09045014530420303,0.271173051820235,0.8688899874687195,0.8851683139801025,0.8815361857414246,0.877784252166748,0.9404438570809519,0.9580790101839387,0.5267826386496728,0.47321736135032727,0.5455288540134052,0.46260236578707914,0.8942163586616516,0.8914240598678589,0.8384892344474792,0.8797832727432251,0.002792286453768611,0.7327055706348915,0.7712073467806546,0.08424374976106652,0.04129406437277794,0.08292648822632609,0.0176351531029868,0.08702511340379715,0.016278356313705444,0.28455719351768494,0.28455719351768494,0.0
0.8786653280258179,0.6226415038108826,0.9077134784581827,0.5319870002488691,0.6513158082962036,0.9199522137641907,0.5963855385780334,0.9356014728546143,0.06439854204654694,0.40361446142196655,0.9108469486236572,0.8101266026496887,0.5161290168762207,0.6907216310501099,0.900254343027162,0.8788306736336675,0.6804853387259858,0.3195146612740142,0.1025260029717682,0.3069620253164557,0.4637681245803833,0.6907216310501099,0.9619205594062805,0.8630136847496033,0.22695353627204895,0.4256886457433535,0.5537353481146732,0.2252383997592492,0.22695353627204895,0.20443602234468752,0.866156816482544,0.8927038908004761,0.6634615659713745,0.5454545617103577,0.9157563796585277,0.8907297987863303,0.5288169868554095,0.4711830131445905,0.1988527724665392,0.13304721030042918,0.6634615659713745,0.4838709533214569,0.9164677858352661,0.9554455280303955,0.17959056794643402,0.5799293188911328,0.4393165122963909,0.09584848062104565,0.17959056794643402,0.06580556216611003,0.03692570602486023,0.17459261417388916,0.1007203683257103,0.32257258892059326,0.32257258892059326,0.0,12,2365,,,,,,,,,,,,,,,,,,,,,,,,,,,,,,,,,,,,,,,,,,,,,,,,,,,,,,,,
,,,,,,,,,,,,,,,,,,,,,,,,,,,,,,,,,,,,,,,,,,,,,,,,,,,,,,,,12,2365,0.8896830677986145,0.8907089829444885,0.9558232238211347,0.7799863703171999,0.8704352378845215,0.9102404117584229,0.9119496941566467,0.868036687374115,0.131963312625885,0.08805031329393387,0.8890290260314941,0.8901371359825134,0.8345864415168762,0.9117130041122437,0.953005379126455,0.9513245685034892,0.40974853599724426,0.5902514640027557,0.3276586801176965,0.607674350744091,0.8543938398361206,0.9334933757781982,0.9059081077575684,0.8229825496673584,0.07909955829381943,0.7603019384866303,0.7564759187423573,0.2934970580165201,0.08292557299137115,0.28001567062639454,0.881485104560852,0.8989713191986084,0.8921033143997192,0.8887990117073059,0.9467067610610268,0.9642440488589449,0.5311746469169825,0.4688253530830176,0.5348573281452659,0.44544452608376195,0.9160351753234863,0.9063917398452759,0.8417567014694214,0.8930109143257141,0.00964340940117836,0.7577918718252867,0.7994026833490984,0.10047520753699263,0.05125422030687332,0.08941280206150393,0.017537287797918077,0.07712651044130325,0.01748626120388508,0.2667299807071686,0.2667299807071686,0.0
0.8786653280258179,0.6202531456947327,0.9057518043010437,0.5271779706920026,0.653333306312561,0.918951153755188,0.5903614163398743,0.9368165135383606,0.06318347156047821,0.40963855385780334,0.9138187170028687,0.8037974834442139,0.5166666507720947,0.6836734414100647,0.8988146655149247,0.8723344160429318,0.6804853387259858,0.3195146612740142,0.1025260029717682,0.3069620253164557,0.4492753744125366,0.6907216310501099,0.9668874144554138,0.853881299495697,0.24144628643989563,0.4161627795373837,0.5446029280233489,0.23751105008746026,0.24144628643989563,0.20443602234468752,0.8738049864768982,0.8841201663017273,0.682692289352417,0.5,0.9139664035248761,0.8878553177898435,0.5288169868554095,0.4711830131445905,0.1988527724665392,0.13304721030042918,0.682692289352417,0.4354838728904724,0.921241044998169,0.9529703259468079,0.24720843136310577,0.6039333578116395,0.3884541679974449,0.10014032611460788,0.24720843136310577,0.06580556216611003,0.0416319874819443,0.18367347121238708,0.11002125591039658,0.32709378004074097,0.32709378004074097,0.0,13,2547,,,,,,,,,,,,,,,,,,,,,,,,,,,,,,,,,,,,,,,,,,,,,,,,,,,,,,,,
,,,,,,,,,,,,,,,,,,,,,,,,,,,,,,,,,,,,,,,,,,,,,,,,,,,,,,,,13,2547,0.8870134353637695,0.8879207372665405,0.9566268338406806,0.7743836741882077,0.8719798922538757,0.9028662443161011,0.9044552445411682,0.8699284195899963,0.13007159531116486,0.0955447256565094,0.8783839344978333,0.89326012134552,0.8136977553367615,0.9156400561332703,0.9485158119819158,0.9545051557545077,0.41991043747847057,0.5800895625215294,0.3201394585726005,0.6212885985748219,0.8295964002609253,0.9323775172233582,0.9013574719429016,0.8290866613388062,0.10278112441301346,0.7309538786194021,0.7614641715222135,0.3113526624175027,0.10278112441301346,0.30114914000222137,0.8783916234970093,0.8966144919395447,0.8908450603485107,0.8838445544242859,0.948950263135191,0.9633553771025736,0.5268687564588357,0.4731312435411643,0.5475645635828702,0.436112122315253,0.9062686562538147,0.9019198417663574,0.8446531891822815,0.8925113081932068,0.004348790273070335,0.7509218359071692,0.7944311640554356,0.11257524479437464,0.04785811901092529,0.11145244126761722,0.01483956512065776,0.1019422635436058,0.018230566754937172,0.2656190097332001,0.2656190097332001,0.0
0.8756319284439087,0.6119873523712158,0.904705090105257,0.5187237406491092,0.6423841118812561,0.9176610708236694,0.5843373537063599,0.9343863725662231,0.06561360508203506,0.41566264629364014,0.9138187170028687,0.7943037748336792,0.5166666507720947,0.6700507402420044,0.8980468375083981,0.8696982535423434,0.6804853387259858,0.3195146612740142,0.1025260029717682,0.3069620253164557,0.4492753744125366,0.6804123520851135,0.9668874144554138,0.844748854637146,0.2311370074748993,0.4161627795373837,0.5251612295815091,0.2406756070494856,0.2311370074748993,0.20443602234468752,0.8604206442832947,0.8927038908004761,0.6540284156799316,0.5283018946647644,0.9144712685882137,0.8839827531140211,0.5288169868554095,0.4711830131445905,0.1988527724665392,0.13304721030042918,0.6634615659713745,0.4516128897666931,0.9093078970909119,0.9603960514068604,0.21184863150119781,0.5727694143565265,0.41200894282976686,0.1101683092754741,0.21184863150119781,0.06580556216611003,0.04477301504587028,0.15338408946990967,0.11951492726802826,0.32846540212631226,0.32846540212631226,0.0,14,2729,,,,,,,,,,,,,,,,,,,,,,,,,,,,,,,,,,,,,,,,,,,,,,,,,,,,,,,,
,,,,,,,,,,,,,,,,,,,,,,,,,,,,,,,,,,,,,,,,,,,,,,,,,,,,,,,,14,2729,0.8844298720359802,0.8856704831123352,0.9556256378940631,0.7688976908772602,0.8749368786811829,0.8943749070167542,0.8966706991195679,0.8722270131111145,0.1277730017900467,0.10332930833101273,0.8771929740905762,0.8896113634109497,0.8165279030799866,0.9120659232139587,0.9493727942010676,0.9537934748086074,0.41724078539441956,0.5827592146055804,0.33353973168214657,0.6178513373725433,0.8193069100379944,0.9265725612640381,0.9061629176139832,0.8298530578613281,0.1072656586766243,0.7254698294233264,0.7564256452004638,0.3016954280798442,0.1072656586766243,0.2843116056903967,0.8795083165168762,0.8900349736213684,0.8903282880783081,0.8792719841003418,0.9501819607707698,0.9606071683822262,0.5324664140544264,0.46753358594557354,0.5397056445091379,0.45312212193774176,0.9062031507492065,0.8837398290634155,0.8482080101966858,0.8952509164810181,0.02246333844959736,0.7544111877496946,0.7789907636361644,0.10122494351457195,0.04704291373491287,0.08658352257139618,0.01123437418115858,0.09553801268339157,0.01284201443195343,0.26845782995224,0.26845782995224,0.0
0.8786653280258179,0.6226415038108826,0.908094101802105,0.5319870002488691,0.6513158082962036,0.9199522137641907,0.5963855385780334,0.9356014728546143,0.06439854204654694,0.40361446142196655,0.9108469486236572,0.8101266026496887,0.49152541160583496,0.699999988079071,0.9045013916882618,0.8755354705079321,0.6804853387259858,0.3195146612740142,0.1025260029717682,0.3069620253164557,0.4202898442745209,0.7216494679450989,0.9668874144554138,0.8493150472640991,0.301359623670578,0.38717727229100696,0.5709645530292331,0.25314104613764177,0.301359623670578,0.20443602234468752,0.8718929290771484,0.8862661123275757,0.679425835609436,0.5137614607810974,0.9182807049752157,0.8890929415522197,0.5288169868554095,0.4711830131445905,0.1988527724665392,0.13304721030042918,0.682692289352417,0.4516128897666931,0.9188544154167175,0.9529703259468079,0.23107939958572388,0.6015467229667708,0.4045832002555094,0.09990644925692808,0.23107939958572388,0.06580556216611003,0.04274523446728362,0.20847457647323608,0.1007203683257103,0.31610071659088135,0.31610071659088135,0.0,15,2911,,,,,,,,,,,,,,,,,,,,,,,,,,,,,,,,,,,,,,,,,,,,,,,,,,,,,,,,
,,,,,,,,,,,,,,,,,,,,,,,,,,,,,,,,,,,,,,,,,,,,,,,,,,,,,,,,15,2911,0.8876162767410278,0.8904374241828918,0.9559808144607489,0.7750969486297079,0.8710578083992004,0.9058653116226196,0.9106989502906799,0.8643980026245117,0.13560199737548828,0.08930104970932007,0.8806662559509277,0.8924152255058289,0.8248762488365173,0.91485196352005,0.9523548731687941,0.9517485686851966,0.4084567688598002,0.5915432311401998,0.3360742146320894,0.6156645799970883,0.836260974407196,0.9387562274932861,0.9031438827514648,0.8181818127632141,0.1024952307343483,0.7394048338621371,0.7569380253229863,0.3024870696192199,0.1024952307343483,0.2795903653649989,0.8911309838294983,0.8836656212806702,0.9017765522003174,0.8752940893173218,0.9536416415126306,0.9574102521766532,0.5291939373062349,0.47080606269376507,0.5422294548413344,0.4556429486006951,0.9216686487197876,0.8960257172584534,0.8549591302871704,0.8733198642730713,0.02564297430217266,0.7766277858459416,0.7693455849660928,0.0889243442011638,0.02564297430217266,0.08658650624063935,0.005661683491456571,0.08997570723295212,0.011748953722417355,0.268006831407547,0.268006831407547,0.0
0.8746208548545837,0.6100628972053528,0.9066960429811591,0.5175086738204335,0.6381579041481018,0.91756272315979,0.5843373537063599,0.9331713318824768,0.06682867556810379,0.41566264629364014,0.9108469486236572,0.797468364238739,0.5081967115402222,0.6734693646430969,0.9043334293118341,0.8698394765334463,0.6804853387259858,0.3195146612740142,0.1025260029717682,0.3069620253164557,0.4492753744125366,0.6804123520851135,0.9635761380195618,0.8493150472640991,0.2311370074748993,0.41285152125923785,0.5297274396271714,0.23453928188538004,0.2311370074748993,0.20443602234468752,0.866156816482544,0.8841201663017273,0.6698113083839417,0.49056604504585266,0.9166513677253535,0.8881347812200575,0.5288169868554095,0.4711830131445905,0.1988527724665392,0.13304721030042918,0.682692289352417,0.4193548262119293,0.9116945266723633,0.9554455280303955,0.26333746314048767,0.5943868184321646,0.3748003832641329,0.11208035516457544,0.26333746314048767,0.06580556216611003,0.04681189119190721,0.18290334939956665,0.1133785992860794,0.32089030742645264,0.32089030742645264,0.0,16,3093,,,,,,,,,,,,,,,,,,,,,,,,,,,,,,,,,,,,,,,,,,,,,,,,,,,,,,,,
,,,,,,,,,,,,,,,,,,,,,,,,,,,,,,,,,,,,,,,,,,,,,,,,,,,,,,,,16,3093,0.8920082449913025,0.893203854560852,0.9588314320164515,0.7843147149736467,0.8764833807945251,0.9085094928741455,0.910574734210968,0.8737399578094482,0.12626004219055176,0.08942525088787079,0.8874841928482056,0.8951354622840881,0.8289557695388794,0.9164733290672302,0.954304947968181,0.955590039719487,0.408715122287289,0.591284877712711,0.32406236831015595,0.6147684241188465,0.8413524031639099,0.9357972145080566,0.9096009731292725,0.8302457332611084,0.09444479644298553,0.750953403227951,0.7660429511457925,0.3069385303569909,0.09444479644298553,0.2907060558086905,0.8835728168487549,0.901421308517456,0.8945733904838562,0.8913436532020569,0.9508769461035422,0.9660664982729684,0.5273854633138133,0.4726145366861867,0.5398432397126062,0.4469752186588921,0.9150030016899109,0.9046065807342529,0.8466997742652893,0.8988468050956726,0.010396420955657959,0.7617028118864253,0.8034533916375806,0.10422335865390298,0.05214700102806091,0.09286802105371406,0.01518955216942619,0.08751752227544785,0.017848454415798187,0.25968649983406067,0.25968649983406067,0.0
0.8675429821014404,0.6202898621559143,0.9072816173564245,0.5570935015883705,0.5977653861045837,0.9271605014801025,0.6445783376693726,0.9125151634216309,0.08748481422662735,0.35542169213294983,0.9034175276756287,0.7911392450332642,0.5185185074806213,0.6857143044471741,0.9005662731548134,0.8777950383655793,0.6804853387259858,0.3195146612740142,0.1025260029717682,0.3069620253164557,0.5072463750839233,0.7422680258750916,0.9486755132675171,0.8127853870391846,0.2350216656923294,0.4559218735003361,0.5550534293649672,0.25952658604021295,0.2350216656923294,0.20443602234468752,0.8508604168891907,0.8862661123275757,0.6608695387840271,0.539130449295044,0.9208968239397833,0.8817470456723092,0.5288169868554095,0.4711830131445905,0.1988527724665392,0.13304721030042918,0.7307692170143127,0.5,0.8806682825088501,0.9455445408821106,0.23076923191547394,0.611437488525794,0.4455445544554455,0.1271838764473695,0.23076923191547394,0.06580556216611003,0.04310178557420408,0.16719576716423035,0.1122782900929451,0.32143905758857727,0.32143905758857727,0.0,17,3275,,,,,,,,,,,,,,,,,,,,,,,,,,,,,,,,,,,,,,,,,,,,,,,,,,,,,,,,
,,,,,,,,,,,,,,,,,,,,,,,,,,,,,,,,,,,,,,,,,,,,,,,,,,,,,,,,17,3275,0.8825352787971497,0.8838160037994385,0.9542735138462909,0.7655819818349721,0.8642345666885376,0.9021216034889221,0.9043053984642029,0.8612765669822693,0.13872340321540833,0.09569461643695831,0.8716555237770081,0.8901581764221191,0.813600480556488,0.9112005829811096,0.9477241402700776,0.9522978853593728,0.41198759903548055,0.5880124009645195,0.33925585284280935,0.6025190392501465,0.8256315588951111,0.9353427290916443,0.8952863216400146,0.8216654658317566,0.1097111850976944,0.7209178483220193,0.7570081706013831,0.28515709952918633,0.1097111850976944,0.26326318640733715,0.8715535998344421,0.8945094347000122,0.8814024329185486,0.8868725895881653,0.9434580142584994,0.9642793981962816,0.5216155700998967,0.4783844299001033,0.5284794452699356,0.4565256525652565,0.9031552672386169,0.9057570695877075,0.8361344337463379,0.8850612640380859,0.0026018337812274694,0.739289717761519,0.7908183763608607,0.07859736939518619,0.04892682656645775,0.07195379270467911,0.020821383937782212,0.09760008007287979,0.02295587584376335,0.27280715107917786,0.27280715107917786,0.0
0.8816986680030823,0.6213592290878296,0.9056859271838265,0.5212051120642962,0.6713286638259888,0.9172576665878296,0.5783132314682007,0.9428918361663818,0.05710814148187637,0.42168673872947693,0.9153046011924744,0.8101266026496887,0.5210084319114685,0.6842105388641357,0.9001343699011422,0.873652497293226,0.6804853387259858,0.3195146612740142,0.1025260029717682,0.3069620253164557,0.4492753744125366,0.6701030731201172,0.9685430526733398,0.8721461296081543,0.22082772850990295,0.4178184086764565,0.5422492115049664,0.2200095924163485,0.22082772850990295,0.20443602234468752,0.8718929290771484,0.8927038908004761,0.6699507236480713,0.5283018946647644,0.9130714154580504,0.8891328648993931,0.5288169868554095,0.4711830131445905,0.1988527724665392,0.13304721030042918,0.6538461446762085,0.4516128897666931,0.9260143041610718,0.9603960514068604,0.20223325490951538,0.5798604736552231,0.41200894282976686,0.09487194216266341,0.20223325490951538,0.06580556216611003,0.039418918164824346,0.16320212185382843,0.10517802089452744,0.3214055597782135,0.3214055597782135,0.0,18,3457,,,,,,,,,,,,,,,,,,,,,,,,,,,,,,,,,,,,,,,,,,,,,,,,,,,,,,,,
,,,,,,,,,,,,,,,,,,,,,,,,,,,,,,,,,,,,,,,,,,,,,,,,,,,,,,,,18,3457,0.8889080286026001,0.8911392688751221,0.9582188507766896,0.7776239081585863,0.8791208863258362,0.8993934988975525,0.9034907817840576,0.8741331696510315,0.1258668452501297,0.09650924056768417,0.8878865838050842,0.8895916938781738,0.8320463299751282,0.9121482372283936,0.9552393816636636,0.9533312348018499,0.40096451946262485,0.5990354805373751,0.33118556701030927,0.6184588844163312,0.838521420955658,0.926778256893158,0.9123314023017883,0.8293142318725586,0.0882568433880806,0.7508528073292697,0.7560924853304241,0.30195766615485853,0.0882568433880806,0.28727331740602197,0.8853825926780701,0.8928311467170715,0.8969874978065491,0.8832507729530334,0.9525161456772953,0.9634163285332045,0.5266965208405098,0.47330347915949017,0.5505232177894048,0.4506914119359534,0.9064449071884155,0.8994751572608948,0.8595852851867676,0.8873799443244934,0.006969735026359558,0.7660302101917236,0.7868550987067104,0.0948832041948815,0.027794623747467995,0.09983180585345142,0.010900182855909213,0.08010191470384598,0.007448547054082155,0.2610219120979309,0.2610219120979309,0.0
0.8766430616378784,0.6303030252456665,0.9079257491692163,0.5536020143758509,0.6341463327407837,0.9248484969139099,0.6265060305595398,0.9270960092544556,0.07290401309728622,0.3734939694404602,0.9108469486236572,0.8037974834442139,0.53125,0.6930692791938782,0.9053412035704003,0.8715341524266818,0.6804853387259858,0.3195146612740142,0.1025260029717682,0.3069620253164557,0.49275362491607666,0.7216494679450989,0.9586092829704285,0.8401826620101929,0.2288958579301834,0.45136289471158464,0.561832132937909,0.24461131905129121,0.2288958579301834,0.20443602234468752,0.8642447590827942,0.8905579447746277,0.6757990717887878,0.5405405163764954,0.915480998714889,0.8916480357713191,0.5288169868554095,0.4711830131445905,0.1988527724665392,0.13304721030042918,0.7115384340286255,0.4838709533214569,0.9021479487419128,0.9529703259468079,0.22766749560832977,0.6136864328988434,0.4368412647716384,0.11473506265437923,0.22766749560832977,0.06580556216611003,0.04394684628820722,0.16181930899620056,0.10704948753118515,0.31453022360801697,0.31453022360801697,0.0,19,3639,,,,,,,,,,,,,,,,,,,,,,,,,,,,,,,,,,,,,,,,,,,,,,,,,,,,,,,,
,,,,,,,,,,,,,,,,,,,,,,,,,,,,,,,,,,,,,,,,,,,,,,,,,,,,,,,,19,3639,0.8886497020721436,0.890525758266449,0.9573226974702298,0.7774149407284572,0.873297929763794,0.9051878452301025,0.9084470272064209,0.8689678907394409,0.13103210926055908,0.09155294299125671,0.8837306499481201,0.8920937180519104,0.8304877877235413,0.9136092066764832,0.95064844144337,0.9558177133990504,0.4118153634171547,0.5881846365828454,0.3383521539104977,0.610688140556369,0.8417799472808838,0.9343082904815674,0.9051833152770996,0.825874388217926,0.0925283432006836,0.7469632875410794,0.7601827082158736,0.2908068507268288,0.0925283432006836,0.2723359866458713,0.884239673614502,0.8936014771461487,0.8954873085021973,0.8837859630584717,0.9503774793379816,0.963612779310718,0.5289355838787462,0.4710644161212539,0.545262129599479,0.4460694698354662,0.9095252156257629,0.9069672226905823,0.8539205193519592,0.8828383088111877,0.0025580183137208223,0.7634457469870126,0.789805496943137,0.0928877027949736,0.028917768970131874,0.09919265976401276,0.013235299972736425,0.08312138170003891,0.009870805777609348,0.2650213837623596,0.2650213837623596,0.0
0.873609721660614,0.639769434928894,0.9090017420837663,0.5836200207878903,0.6132596731185913,0.9319307208061218,0.6686747074127197,0.9149453043937683,0.0850546807050705,0.3313252925872803,0.9108469486236572,0.7943037748336792,0.5652173757553101,0.6889952421188354,0.9063489778289664,0.8767123287671232,0.6804853387259858,0.3195146612740142,0.1025260029717682,0.3069620253164557,0.5652173757553101,0.7422680258750916,0.9503311514854431,0.8173515796661377,0.1770506501197815,0.5155485171321623,0.5596196394106294,0.2519043767750673,0.1770506501197815,0.20443602234468752,0.8604206442832947,0.8884119987487793,0.6784141063690186,0.5666666626930237,0.9168808518450523,0.8925263494091344,0.5288169868554095,0.4711830131445905,0.1988527724665392,0.13304721030042918,0.7403846383094788,0.5483871102333069,0.8902148008346558,0.9405940771102905,0.19199751317501068,0.6305994125206538,0.48898115618013405,0.1107181250461599,0.19199751317501068,0.06580556216611003,0.040168523077929064,0.12377782166004181,0.11654315888881683,0.32008713483810425,0.32008713483810425,0.0,20,3821,,,,,,,,,,,,,,,,,,,,,,,,,,,,,,,,,,,,,,,,,,,,,,,,,,,,,,,,
,,,,,,,,,,,,,,,,,,,,,,,,,,,,,,,,,,,,,,,,,,,,,,,,,,,,,,,,20,3821,0.8855494260787964,0.8882911801338196,0.9563007135122308,0.7707901443341787,0.8755592107772827,0.8963600397109985,0.9013988375663757,0.8693913221359253,0.1306086927652359,0.09860116243362427,0.8827846646308899,0.8874762654304504,0.8245999217033386,0.91159588098526,0.9515348056742143,0.9525331996508537,0.4106958318980365,0.5893041681019635,0.330467603271126,0.6263334794680696,0.8337563276290894,0.9262715578079224,0.9069840312004089,0.822448194026947,0.0925152376294136,0.7407403727379531,0.748719763357192,0.30869340500278436,0.0925152376294136,0.2958658761969436,0.8723266124725342,0.9005514979362488,0.883604109287262,0.8944802284240723,0.9454629295086665,0.966619457273642,0.5315191181536342,0.4684808818463658,0.5416396629941672,0.4630514705882353,0.8947053551673889,0.9102818369865417,0.8458819389343262,0.8921602368354797,0.015576503239572048,0.7405872915522715,0.8024420769831582,0.07583774922801262,0.04627828299999237,0.0785881924059319,0.021156527764975452,0.086995929479599,0.02822483330965042,0.26643267273902893,0.26643267273902893,0.0
0.8786653280258179,0.625,0.9089505043259306,0.5367960298057357,0.649350643157959,0.9209581017494202,0.6024096608161926,0.9343863725662231,0.06561360508203506,0.39759036898612976,0.9138187170028687,0.8037974834442139,0.5322580933570862,0.6836734414100647,0.9040454938093867,0.8760062138116085,0.6804853387259858,0.3195146612740142,0.1025260029717682,0.3069620253164557,0.47826087474823,0.6907216310501099,0.9635761380195618,0.853881299495697,0.21246078610420227,0.4418370285056148,0.5446029280233489,0.2315675136832998,0.21246078610420227,0.20443602234468752,0.8680688142776489,0.8905579447746277,0.6760563254356384,0.5233644843101501,0.9162153478979254,0.8930054295752157,0.5288169868554095,0.4711830131445905,0.1988527724665392,0.13304721030042918,0.692307710647583,0.4516128897666931,0.9116945266723633,0.9579207897186279,0.2406947910785675,0.6040022030475491,0.4095336953050144,0.11184647830689569,0.2406947910785675,0.06580556216611003,0.04020913408631688,0.16030898690223694,0.11002125591039658,0.31340163946151733,0.31340163946151733,0.0,21,4003,,,,,,,,,,,,,,,,,,,,,,,,,,,,,,,,,,,,,,,,,,,,,,,,,,,,,,,,
,,,,,,,,,,,,,,,,,,,,,,,,,,,,,,,,,,,,,,,,,,,,,,,,,,,,,,,,21,4003,0.8852910995483398,0.8886287808418274,0.9564959175946092,0.7700814611756601,0.8758859634399414,0.8955816030502319,0.9017478227615356,0.868333637714386,0.1316663771867752,0.09825216233730316,0.8834626078605652,0.8865662813186646,0.8288177251815796,0.9109274744987488,0.9508881490437365,0.953440854318889,0.4108680675163624,0.5891319324836376,0.3357786627541396,0.6272474784388248,0.8401997685432434,0.9247261881828308,0.9053329229354858,0.822352945804596,0.0845264196395874,0.7455326629028325,0.7470791122321687,0.3012495001671497,0.0845264196395874,0.2914688156846852,0.8737943172454834,0.8980891704559326,0.8872334361076355,0.8904966711997986,0.9475533870235234,0.9646411464101298,0.5267826386496728,0.47321736135032727,0.5522314860225601,0.45768880800727935,0.8990526795387268,0.9053677916526794,0.8426433205604553,0.8919463157653809,0.006315099541097879,0.7416959943763426,0.7973141019653887,0.09396914846570131,0.04930301010608673,0.09454267801528077,0.017087759386606338,0.0821097195148468,0.02429482899606228,0.26600685715675354,0.26600685715675354,0.0
0.8695651888847351,0.6239067316055298,0.9070181088875551,0.5595236352457218,0.604519784450531,0.9273399114608765,0.6445783376693726,0.9149453043937683,0.0850546807050705,0.35542169213294983,0.9049034118652344,0.7943037748336792,0.5223880410194397,0.6889952421188354,0.9001823591515501,0.8773713693922703,0.6804853387259858,0.3195146612740142,0.1025260029717682,0.3069620253164557,0.5072463750839233,0.7422680258750916,0.9503311514854431,0.8173515796661377,0.2350216656923294,0.4575775026394089,0.5596196394106294,0.25784791317922773,0.2350216656923294,0.20443602234468752,0.8623327016830444,0.8776823878288269,0.6814159154891968,0.5128205418586731,0.9180282724435469,0.8855796870009581,0.5288169868554095,0.4711830131445905,0.1988527724665392,0.13304721030042918,0.7403846383094788,0.4838709533214569,0.8926014304161072,0.9381188154220581,0.25651365518569946,0.6329860473655224,0.42198977962312356,0.11524384739740193,0.25651365518569946,0.06580556216611003,0.04065690305127656,0.17617470026016235,0.11059962213039398,0.3184751272201538,0.3184751272201538,0.0,22,4185,,,,,,,,,,,,,,,,,,,,,,,,,,,,,,,,,,,,,,,,,,,,,,,,,,,,,,,,
,,,,,,,,,,,,,,,,,,,,,,,,,,,,,,,,,,,,,,,,,,,,,,,,,,,,,,,,22,4185,0.8900275826454163,0.8918437957763672,0.959395644598347,0.7800493835071189,0.8774999976158142,0.9034212231636047,0.9066643714904785,0.8733850121498108,0.1266149878501892,0.09333562850952148,0.8908480405807495,0.8894567489624023,0.8382078409194946,0.91190505027771,0.9561185756940473,0.9552974076204007,0.4102652428522218,0.5897347571477781,0.33249370277078083,0.6166764018691588,0.8503788113594055,0.9277764558792114,0.9110062718391418,0.8278095126152039,0.0773976743221283,0.7613850771869639,0.7555859860401655,0.29599306912435164,0.08319676667451859,0.284182699098378,0.8825837969779968,0.8983081579208374,0.8958816528320312,0.8861739039421082,0.9501361803787565,0.9676579017727217,0.5266104030313469,0.4733895969686531,0.556500408830744,0.43732945242859744,0.9077284932136536,0.9051580429077148,0.8510324358940125,0.89298415184021,0.002570404903963208,0.7587609232526913,0.7981422276591497,0.1151513700106398,0.04195170849561691,0.11917095640214659,0.01752172139396524,0.07369720190763474,0.015724357217550278,0.25928401947021484,0.25928401947021484,0.0
0.8796764612197876,0.6269592642784119,0.9064032557935264,0.5380110966344114,0.6535947918891907,0.9210526347160339,0.6024096608161926,0.9356014728546143,0.06439854204654694,0.39759036898612976,0.9093610644340515,0.8164557218551636,0.4958677589893341,0.7070707082748413,0.9024618485459257,0.8723344160429318,0.6804853387259858,0.3195146612740142,0.1025260029717682,0.3069620253164557,0.43478259444236755,0.7216494679450989,0.9635761380195618,0.8584474921226501,0.2868668735027313,0.3983587676360496,0.5800969731205572,0.24235427991047076,0.2868668735027313,0.20443602234468752,0.8738049864768982,0.8862661123275757,0.682692289352417,0.522522509098053,0.9160547090141363,0.8858192270839989,0.5288169868554095,0.4711830131445905,0.1988527724665392,0.13304721030042918,0.682692289352417,0.4677419364452362,0.921241044998169,0.9504950642585754,0.21495036780834198,0.6039333578116395,0.41823698498882145,0.09370255787426453,0.21495036780834198,0.06580556216611003,0.0437202929712045,0.211202934384346,0.09290537238121033,0.3170991837978363,0.3170991837978363,0.0,23,4367,,,,,,,,,,,,,,,,,,,,,,,,,,,,,,,,,,,,,,,,,,,,,,,,,,,,,,,,
,,,,,,,,,,,,,,,,,,,,,,,,,,,,,,,,,,,,,,,,,,,,,,,,,,,,,,,,23,4367,0.883138120174408,0.8867940306663513,0.9539332602730748,0.7657153162034689,0.8783671855926514,0.8883294463157654,0.8953840732574463,0.8703312277793884,0.12966878712177277,0.10461590439081192,0.8754571080207825,0.8882665634155273,0.8144825100898743,0.9122490286827087,0.9476773157574356,0.9512054947413455,0.4003616947984843,0.5996383052015156,0.32802753280275326,0.6334913112164297,0.8334426283836365,0.9167988896369934,0.8959667086601257,0.8389498591423035,0.08335629105567932,0.7294093322978108,0.7557487550715687,0.2965107922103209,0.08335629105567932,0.3054637784136764,0.8750410676002502,0.892068088054657,0.886468768119812,0.8872066736221313,0.9453190944202539,0.9619688927598065,0.5244574578022735,0.4755425421977265,0.5431855500821018,0.4759145237232887,0.8981257677078247,0.891933023929596,0.8475916385650635,0.8921907544136047,0.006192727014422417,0.7457174164194247,0.784123768380284,0.07648611405995664,0.044599078595638275,0.0672710263588131,0.0166497983395526,0.09776650369167328,0.01702704094350338,0.2726897895336151,0.2726897895336151,0.0
0.8725985884666443,0.6538461446762085,0.9022383580494517,0.6208771904141475,0.6010100841522217,0.9405815601348877,0.7168674468994141,0.9040096998214722,0.09599027782678604,0.28313252329826355,0.9123328328132629,0.7879746556282043,0.5986394286155701,0.6912442445755005,0.8936078318456666,0.8744056865791084,0.6804853387259858,0.3195146612740142,0.1025260029717682,0.3069620253164557,0.6376811861991882,0.7731958627700806,0.943708598613739,0.7945205569267273,0.13551472127437592,0.581389768691813,0.5677164242338653,0.2638478755619087,0.1491880565881729,0.20443602234468752,0.8642447590827942,0.8819742202758789,0.700421929359436,0.5669291615486145,0.919244538277951,0.8713270520600447,0.5288169868554095,0.4711830131445905,0.1988527724665392,0.13304721030042918,0.7980769276618958,0.5806451439857483,0.8806682825088501,0.9282178282737732,0.21743176877498627,0.6787451808334863,0.5088629830725009,0.11481712470970551,0.21743176877498627,0.06580556216611003,0.04791748621790637,0.13349281251430511,0.1243581548333168,0.3414485454559326,0.3414485454559326,0.0,24,4549,,,,,,,,,,,,,,,,,,,,,,,,,,,,,,,,,,,,,,,,,,,,,,,,,,,,,,,,
,,,,,,,,,,,,,,,,,,,,,,,,,,,,,,,,,,,,,,,,,,,,,,,,,,,,,,,,24,4549,0.8858938813209534,0.886606752872467,0.9569522590928111,0.7727040024225396,0.8644859790802002,0.9087188839912415,0.9098893404006958,0.8628146648406982,0.13718533515930176,0.0901106595993042,0.8807017803192139,0.8896113634109497,0.8211633563041687,0.9116290211677551,0.9517095531587056,0.9540247948729803,0.41724078539441956,0.5827592146055804,0.3302373581011352,0.604847051869366,0.8293750286102295,0.9413632750511169,0.9060092568397522,0.8103964328765869,0.11198830604553223,0.7353842449922958,0.7517597130734361,0.3074611310306207,0.11198830604553223,0.27460969376823086,0.8776788711547852,0.8948792219161987,0.8869935870170593,0.8861105442047119,0.948914702150758,0.964442668797443,0.5223906303823631,0.47760936961763695,0.5258819650511045,0.45131626397403535,0.9128526449203491,0.9061126708984375,0.8386648297309875,0.8856391906738281,0.006739999633282423,0.7515174768160238,0.7917518366721026,0.08485336618746858,0.046974360942840576,0.07456570107706917,0.015527966646684987,0.09046564251184464,0.017200326547026634,0.2656870186328888,0.2656870186328888,0.0
0.8776541948318481,0.6276922821998596,0.9073474944736419,0.5451990220907934,0.6415094137191772,0.9228915572166443,0.6144578456878662,0.9307411909103394,0.06925880908966064,0.3855421543121338,0.9153046011924744,0.797468364238739,0.5365853905677795,0.6831682920455933,0.9009981764084845,0.8765240314456526,0.6804853387259858,0.3195146612740142,0.1025260029717682,0.3069620253164557,0.47826087474823,0.7113401889801025,0.9652317762374878,0.835616409778595,0.23307934403419495,0.4434926576446876,0.5469566445417313,0.2520407395564918,0.23307934403419495,0.20443602234468752,0.8680688142776489,0.8884119987487793,0.6820276379585266,0.5185185074806213,0.9178217367358179,0.886497923985947,0.5288169868554095,0.4711830131445905,0.1988527724665392,0.13304721030042918,0.7115384340286255,0.4516128897666931,0.9069212675094604,0.9554455280303955,0.2599255442619324,0.6184597025885807,0.4070584477802619,0.11734873911651991,0.2599255442619324,0.06580556216611003,0.0412977052901653,0.16464979946613312,0.11783625185489655,0.3193305432796478,0.3193305432796478,0.0,25,4731,,,,,,,,,,,,,,,,,,,,,,,,,,,,,,,,,,,,,,,,,,,,,,,,,,,,,,,,
,,,,,,,,,,,,,,,,,,,,,,,,,,,,,,,,,,,,,,,,,,,,,,,,,,,,,,,,25,4731,0.8836548328399658,0.8857698440551758,0.9527977423185371,0.7672910174888616,0.8703888058662415,0.8979263305664062,0.9017042517662048,0.8655867576599121,0.1344132274389267,0.09829574823379517,0.8802233934402466,0.8861020803451538,0.8219009637832642,0.909981369972229,0.9470388550425348,0.9498673001785303,0.41629348949362727,0.5837065105063727,0.32540339263549856,0.624963115963411,0.8493325114250183,0.9211520552635193,0.8951241970062256,0.8276947140693665,0.07181954383850098,0.7444566807283208,0.7488467587773748,0.2931823406374612,0.07181954383850098,0.2995597233279125,0.8781998753547668,0.8897609114646912,0.8891856074333191,0.8812426328659058,0.9466608010994727,0.9583045914025633,0.5281605235962797,0.4718394764037203,0.5401924017609653,0.4555575835006388,0.9046181440353394,0.8978365659713745,0.8471631407737732,0.8830037117004395,0.006781632546335459,0.7517812914095128,0.7808402260243947,0.08622942193317934,0.03584056720137596,0.08463481826032648,0.011643790303090595,0.08808039128780365,0.011561003513634205,0.275591105222702,0.275591105222702,0.0
0.8786653280258179,0.6296296119689941,0.9069741908094102,0.5464140889194689,0.6455696225166321,0.9229843616485596,0.6144578456878662,0.9319562315940857,0.06804374605417252,0.3855421543121338,0.9138187170028687,0.8037974834442139,0.5396825671195984,0.6868686676025391,0.9000623860255302,0.8765711057760204,0.6804853387259858,0.3195146612740142,0.1025260029717682,0.3069620253164557,0.49275362491607666,0.7010309100151062,0.9619205594062805,0.8493150472640991,0.20827730000019073,0.45467415298973024,0.5503459963282022,0.23492485940527016,0.20827730000019073,0.20443602234468752,0.866156816482544,0.8927038908004761,0.6698113083839417,0.5535714030265808,0.9156186891867083,0.888933248163526,0.5288169868554095,0.4711830131445905,0.1988527724665392,0.13304721030042918,0.682692289352417,0.5,0.9116945266723633,0.9529703259468079,0.18269230425357819,0.5943868184321646,0.45297029702970293,0.09920481868388875,0.18269230425357819,0.06580556216611003,0.039047583410687925,0.14718614518642426,0.11002125591039658,0.3180108368396759,0.3180108368396759,0.0,26,4913,,,,,,,,,,,,,,,,,,,,,,,,,,,,,,,,,,,,,,,,,,,,,,,,,,,,,,,,
,,,,,,,,,,,,,,,,,,,,,,,,,,,,,,,,,,,,,,,,,,,,,,,,,,,,,,,,26,4913,0.8877884745597839,0.8906236886978149,0.9564111414646582,0.7752133124889555,0.878456711769104,0.8979005813598633,0.903132438659668,0.8720808625221252,0.12791913747787476,0.09686755388975143,0.8863162398338318,0.8888236880302429,0.8295276761054993,0.9130334854125977,0.9509973174108688,0.9529141678469211,0.4128487771271099,0.5871512228728901,0.3304130162703379,0.6292167791141097,0.8371211886405945,0.9275058507919312,0.9105919003486633,0.8231803774833679,0.09038461744785309,0.7477131124327387,0.750686207252663,0.31270173323381517,0.09038461744785309,0.29880376284377175,0.8792262673377991,0.8974359035491943,0.8918013572692871,0.8890209794044495,0.9489581000548174,0.9634121366856602,0.5297967619703755,0.47020323802962455,0.5508777633289987,0.4551282051282051,0.9035113453865051,0.9026156663894653,0.8494390249252319,0.8931092619895935,0.000895666133146733,0.7529503758460634,0.7957249378624689,0.09629698433339529,0.043670229613780975,0.09574955820079362,0.01445403663084277,0.08350581675767899,0.018209628760814667,0.26660266518592834,0.26660266518592834,0.0
0.8837209343910217,0.6372239589691162,0.9079769869270521,0.5476803935059802,0.6688741445541382,0.922434389591217,0.608433723449707,0.939246654510498,0.060753341764211655,0.39156627655029297,0.9167904853820801,0.8132911324501038,0.5483871102333069,0.6943005323410034,0.9035416066801036,0.8750176528738879,0.6804853387259858,0.3195146612740142,0.1025260029717682,0.3069620253164557,0.49275362491607666,0.6907216310501099,0.9652317762374878,0.8675799369812012,0.1979680210351944,0.45798541126787606,0.558301558160335,0.22207384279722386,0.1979680210351944,0.20443602234468752,0.8738049864768982,0.8948497772216797,0.682692289352417,0.5504587292671204,0.9144483201762439,0.8926860427978283,0.5288169868554095,0.4711830131445905,0.1988527724665392,0.13304721030042918,0.682692289352417,0.4838709533214569,0.921241044998169,0.9579207897186279,0.19882133603096008,0.6039333578116395,0.4417917598211434,0.09799440336782676,0.19882133603096008,0.06580556216611003,0.039430667302356004,0.14591342210769653,0.10349935293197632,0.31243476271629333,0.31243476271629333,0.0,27,5095,,,,,,,,,,,,,,,,,,,,,,,,,,,,,,,,,,,,,,,,,,,,,,,,,,,,,,,,
,,,,,,,,,,,,,,,,,,,,,,,,,,,,,,,,,,,,,,,,,,,,,,,,,,,,,,,,27,5095,0.8805546164512634,0.8833767771720886,0.9531953719642611,0.7608141223141531,0.8705667853355408,0.8913589119911194,0.8965693712234497,0.8642447590827942,0.135755255818367,0.1034306213259697,0.8727158308029175,0.8860020637512207,0.8108614087104797,0.9101162552833557,0.9461624645408387,0.9501956038524444,0.410006889424733,0.5899931105752669,0.3329132535181685,0.6238505327689389,0.8195583820343018,0.925128698348999,0.8992443084716797,0.8211098313331604,0.10557032376527786,0.7188026921151538,0.7462385026899161,0.30437685948244336,0.10557032376527786,0.2909372792507704,0.8713001012802124,0.8908495306968689,0.8842136263847351,0.8822606205940247,0.9446582772278552,0.9609490364847894,0.5266104030313469,0.4733895969686531,0.5465249386753884,0.45788611970165544,0.8991621732711792,0.8931267261505127,0.8377208709716797,0.8889261484146118,0.006035440135747194,0.7368830582497767,0.7820529126770177,0.09583908921702783,0.05120529606938362,0.08863881897373299,0.01629075925693413,0.09925481677055359,0.019549472257494926,0.2743903398513794,0.2743903398513794,0.0
0.8776541948318481,0.6058632135391235,0.9061324276449663,0.5019177560789938,0.6595744490623474,0.9139150977134705,0.5602409839630127,0.9416767954826355,0.0583232082426548,0.4397590458393097,0.9108469486236572,0.8069620132446289,0.49152541160583496,0.6772486567497253,0.9010221710336885,0.8714400037659464,0.6804853387259858,0.3195146612740142,0.1025260029717682,0.3069620253164557,0.4202898442745209,0.6597937941551208,0.9668874144554138,0.8721461296081543,0.23950396478176117,0.38717727229100696,0.531939933154451,0.21833091955536327,0.23950396478176117,0.20443602234468752,0.8642447590827942,0.8927038908004761,0.6502463221549988,0.5192307829856873,0.9166054709014136,0.8850207601405302,0.5288169868554095,0.4711830131445905,0.1988527724665392,0.13304721030042918,0.6346153616905212,0.4354838728904724,0.921241044998169,0.9628713130950928,0.19913151860237122,0.5558564347347164,0.39835515809645483,0.09916378765622565,0.19913151860237122,0.06580556216611003,0.04516546713546721,0.18572326004505157,0.10388492792844772,0.31854909658432007,0.31854909658432007,0.0,28,5277,,,,,,,,,,,,,,,,,,,,,,,,,,,,,,,,,,,,,,,,,,,,,,,,,,,,,,,,
,,,,,,,,,,,,,,,,,,,,,,,,,,,,,,,,,,,,,,,,,,,,,,,,,,,,,,,,28,5277,0.8796073198318481,0.8810819983482361,0.951299696673406,0.7597810624931112,0.8601561188697815,0.9005544781684875,0.9030514359474182,0.8567296266555786,0.1432703733444214,0.09694856405258179,0.8807570934295654,0.8788099884986877,0.8226462602615356,0.9029092192649841,0.9487911977491963,0.9458332812028033,0.40949018256975545,0.5905098174302446,0.3270241850683491,0.6095960332506927,0.8456591367721558,0.9244019389152527,0.8978124856948853,0.8076204657554626,0.07874274998903275,0.7434716639871382,0.732022384551728,0.29329675616051326,0.0901920273900032,0.28257184818234354,0.8699160218238831,0.8902329206466675,0.8797198534011841,0.8828064799308777,0.9407343825133758,0.961447016000746,0.5229934550465036,0.47700654495349637,0.5277457599209616,0.45676114822170066,0.901404082775116,0.9051383137702942,0.8347280621528625,0.8777002096176147,0.003734283847734332,0.7361320896350498,0.7828385725563756,0.07389254293619124,0.042972199618816376,0.07098461169926096,0.02071263348737018,0.08026298880577087,0.020316872745752335,0.28028571605682373,0.28028571605682373,0.0
0.865520715713501,0.6253520846366882,0.9076695603800377,0.5738994861584858,0.5873016119003296,0.9312499761581421,0.6686747074127197,0.9052248001098633,0.09477521479129791,0.3313252925872803,0.9049034118652344,0.7816455960273743,0.5428571701049805,0.6790697574615479,0.9047653325655054,0.8748764298827849,0.6804853387259858,0.3195146612740142,0.1025260029717682,0.3069620253164557,0.5507246255874634,0.7525773048400879,0.945364236831665,0.7945205569267273,0.2018526792526245,0.49608887609175545,0.5470978675328344,0.2679199503451389,0.2018526792526245,0.20443602234468752,0.8527724742889404,0.8798283338546753,0.6695278882980347,0.5409836173057556,0.9184872406829447,0.888174704567231,0.5288169868554095,0.4711830131445905,0.1988527724665392,0.13304721030042918,0.75,0.5322580933570862,0.8782815933227539,0.9331682920455933,0.2177419364452362,0.6282816229116945,0.46542638134781233,0.11789855488720571,0.2177419364452362,0.06580556216611003,0.04361081080015983,0.13808615505695343,0.1232578456401825,0.3286522626876831,0.3286522626876831,0.0,29,5459,,,,,,,,,,,,,,,,,,,,,,,,,,,,,,,,,,,,,,,,,,,,,,,,,,,,,,,,
,,,,,,,,,,,,,,,,,,,,,,,,,,,,,,,,,,,,,,,,,,,,,,,,,,,,,,,,29,5459,0.8833965063095093,0.8852542638778687,0.9553878622673991,0.7668674449321276,0.8696303963661194,0.8981448411941528,0.9014497995376587,0.8654176592826843,0.13458232581615448,0.0985502228140831,0.8801175951957703,0.8856767416000366,0.825648844242096,0.9081525206565857,0.9505187028552564,0.9531053420362445,0.4101791250430589,0.5898208749569411,0.3388620617258031,0.6103080741714119,0.8376703858375549,0.9260765314102173,0.9018735885620117,0.8224053978919983,0.08840616792440414,0.7395439948088396,0.7484819503030544,0.28566939021458265,0.08840616792440414,0.2714460124456088,0.8696563839912415,0.899131715297699,0.8816290497779846,0.8902291655540466,0.9455003707924484,0.9647254919517587,0.5338442990010334,0.4661557009989666,0.539441845458945,0.45261407722150376,0.8998205661773682,0.9036734700202942,0.8343257308006287,0.8953763246536255,0.00385289522819221,0.7341463184709105,0.7990497771839076,0.09541863080661711,0.06105056405067444,0.08682776823744126,0.0192251211593103,0.08250363916158676,0.029475323855876923,0.26914215087890625,0.26914215087890625,0.0
0.8756319284439087,0.6350148320198059,0.9077647162160184,0.5668140362177752,0.6257309913635254,0.9278728365898132,0.6445783376693726,0.9222357273101807,0.07776428014039993,0.35542169213294983,0.9182763695716858,0.7848101258277893,0.5736433863639832,0.6730769276618958,0.9046453594394857,0.8741703149272702,0.6804853387259858,0.3195146612740142,0.1025260029717682,0.3069620253164557,0.5362318754196167,0.7216494679450989,0.9619205594062805,0.8127853870391846,0.18541760742664337,0.49815241385929543,0.5344348726639363,0.26211277672240296,0.18541760742664337,0.20443602234468752,0.8623327016830444,0.8905579447746277,0.6785714030265808,0.5486725568771362,0.9185331375068846,0.8866975407218142,0.5288169868554095,0.4711830131445905,0.1988527724665392,0.13304721030042918,0.7307692170143127,0.5,0.8949880599975586,0.9504950642585754,0.23076923191547394,0.6257572975950065,0.45049504950495045,0.12000344660632369,0.23076923191547394,0.06580556216611003,0.044362822579614436,0.12989886105060577,0.13346624374389648,0.3204975128173828,0.3204975128173828,0.0,30,5641,,,,,,,,,,,,,,,,,,,,,,,,,,,,,,,,,,,,,,,,,,,,,,,,,,,,,,,,
,,,,,,,,,,,,,,,,,,,,,,,,,,,,,,,,,,,,,,,,,,,,,,,,,,,,,,,,30,5641,0.8724595308303833,0.87517911195755,0.9494190862014136,0.7447589008975655,0.8606000542640686,0.8852841258049011,0.890260636806488,0.8544982671737671,0.1455017328262329,0.10973937064409256,0.8716386556625366,0.8730297684669495,0.8118262887001038,0.8990485072135925,0.9469291720406247,0.9440228395930392,0.4099207716155701,0.5900792283844299,0.33676470588235297,0.6171920607122008,0.8222083449363708,0.9160557985305786,0.8967373967170715,0.8036599159240723,0.09384744614362717,0.7189457682587941,0.7197157365311697,0.2951647559198811,0.09384744614362717,0.2804273548298478,0.8664505481719971,0.8792723417282104,0.8796728849411011,0.8690452575683594,0.9426059637045032,0.9558344077194232,0.5313468825353083,0.4686531174646917,0.5487844408427877,0.4494671076809996,0.889545202255249,0.8912510275840759,0.8383620977401733,0.8694926500320435,0.0017058360390365124,0.7279072550257655,0.7607436789526947,0.08866550277956964,0.031130587682127953,0.09931733316178804,0.01322844401491996,0.08722220361232758,0.012821759097278118,0.2848430871963501,0.2848430871963501,0.0
0.8796764612197876,0.624605655670166,0.9033363100030742,0.5332020670775446,0.6556291580200195,0.9200477600097656,0.5963855385780334,0.9368165135383606,0.06318347156047821,0.40361446142196655,0.9123328328132629,0.8101266026496887,0.5123966932296753,0.6938775777816772,0.8968231116229964,0.8707338888104317,0.6804853387259858,0.3195146612740142,0.1025260029717682,0.3069620253164557,0.4492753744125366,0.7010309100151062,0.9652317762374878,0.8584474921226501,0.25175556540489197,0.41450715039831065,0.5594784164195263,0.23602516598642015,0.25175556540489197,0.20443602234468752,0.875717043876648,0.8841201663017273,0.6889952421188354,0.5,0.9149761336515513,0.8798706483551582,0.5288169868554095,0.4711830131445905,0.1988527724665392,0.13304721030042918,0.692307710647583,0.4354838728904724,0.921241044998169,0.9529703259468079,0.2568238079547882,0.6135487424270241,0.3884541679974449,0.1020523720037092,0.2568238079547882,0.06580556216611003,0.044242244841119605,0.19387754797935486,0.10220625251531601,0.3291156589984894,0.3291156589984894,0.0,31,5823,,,,,,,,,,,,,,,,,,,,,,,,,,,,,,,,,,,,,,,,,,,,,,,,,,,,,,,,
,,,,,,,,,,,,,,,,,,,,,,,,,,,,,,,,,,,,,,,,,,,,,,,,,,,,,,,,31,5823,0.8891663551330566,0.8917122483253479,0.9581560287475295,0.7780516985475969,0.8793561458587646,0.8997493982315063,0.9044205546379089,0.8736311197280884,0.12636885046958923,0.09557945281267166,0.8859832882881165,0.8913934230804443,0.8294209837913513,0.9146144986152649,0.9530337881909583,0.9546014458542127,0.4116431277988288,0.5883568722011712,0.3311715481171548,0.6258782201405152,0.8370183110237122,0.9293732643127441,0.9102283120155334,0.8278560042381287,0.0923549234867096,0.7472466587141176,0.7572292710634454,0.30883878964851597,0.0923549234867096,0.29470667202336037,0.880948543548584,0.8984417915344238,0.8932265043258667,0.8896414637565613,0.9501748812783957,0.9655846594019792,0.5302273510161901,0.4697726489838098,0.5507552379405555,0.4524289642529789,0.9041580557823181,0.9047812223434448,0.8524945974349976,0.893203854560852,0.0006231339066289365,0.7566526424739213,0.7979850828468473,0.09640814811098586,0.04070930555462837,0.09832627368757657,0.015409778123583573,0.08519352972507477,0.01749328337609768,0.26242727041244507,0.26242727041244507,0.0
0.8665318489074707,0.6333333253860474,0.9057591239807345,0.589541641657761,0.5876288414001465,0.9345911741256714,0.6867470145225525,0.9027946591377258,0.09720534831285477,0.3132530152797699,0.9034175276756287,0.7879746556282043,0.5517241358757019,0.6883720755577087,0.9019099721662347,0.8751118015346232,0.6804853387259858,0.3195146612740142,0.1025260029717682,0.3069620253164557,0.5797101259231567,0.7628865838050842,0.940397322177887,0.7990867495536804,0.1831764578819275,0.5201074959209138,0.5619733559290119,0.2604905298399383,0.1831764578819275,0.20443602234468752,0.8623327016830444,0.8712446093559265,0.6896551847457886,0.53125,0.9192215898659812,0.8805892686042798,0.5288169868554095,0.4711830131445905,0.1988527724665392,0.13304721030042918,0.7692307829856873,0.5483871102333069,0.8854415416717529,0.9207921028137207,0.22084367275238037,0.6546722966770699,0.4691791759821142,0.10311097251741766,0.22084367275238037,0.06580556216611003,0.044109788331358035,0.15840516984462738,0.11544284969568253,0.3265732228755951,0.3265732228755951,0.0,32,6005,,,,,,,,,,,,,,,,,,,,,,,,,,,,,,,,,,,,,,,,,,,,,,,,,,,,,,,,
,,,,,,,,,,,,,,,,,,,,,,,,,,,,,,,,,,,,,,,,,,,,,,,,,,,,,,,,32,6005,0.8760764598846436,0.8779991269111633,0.95112206050288,0.7521475684919163,0.8647294640541077,0.8881579041481018,0.8916824460029602,0.8604651093482971,0.13953489065170288,0.1083175465464592,0.8725141286849976,0.8785662055015564,0.8104575276374817,0.9032859206199646,0.9469710873379077,0.9459331731054031,0.41138477437133997,0.58861522562866,0.332844881724932,0.6169714703730798,0.8188679218292236,0.9191368222236633,0.8992783427238464,0.8132162094116211,0.1002689003944397,0.7181462426958576,0.7323530226974269,0.2988717426329129,0.1002689003944397,0.28412658864814777,0.8679830431938171,0.8851203322410583,0.881395697593689,0.8733413815498352,0.9410702414113526,0.9600646394951944,0.527729934550465,0.472270065449535,0.5474869451697127,0.4471188913202042,0.8959761261940002,0.8858075141906738,0.834114670753479,0.8845646381378174,0.01016865111887455,0.7300908322374098,0.7703721478777759,0.10571722532960826,0.05044996738433838,0.10036805384950853,0.018994398083841735,0.0928284302353859,0.017137320712208748,0.28160858154296875,0.28160858154296875,0.0
0.8776541948318481,0.6276922821998596,0.9096531935762491,0.5451990220907934,0.6415094137191772,0.9228915572166443,0.6144578456878662,0.9307411909103394,0.06925880908966064,0.3855421543121338,0.9093610644340515,0.8101266026496887,0.5196850299835205,0.6969696879386902,0.9021979076686821,0.8821258767594031,0.6804853387259858,0.3195146612740142,0.1025260029717682,0.3069620253164557,0.47826087474823,0.7113401889801025,0.9586092829704285,0.853881299495697,0.23307934403419495,0.43687014108839617,0.5652214847243799,0.23343897530423005,0.23307934403419495,0.20443602234468752,0.8699808716773987,0.8862661123275757,0.6792452931404114,0.5309734344482422,0.9172250780246007,0.8930852762695625,0.5288169868554095,0.4711830131445905,0.1988527724665392,0.13304721030042918,0.692307710647583,0.4838709533214569,0.9140811562538147,0.948019802570343,0.2084367275238037,0.6063888378924178,0.43189076972213347,0.09705889593710763,0.2084367275238037,0.06580556216611003,0.03509920126519761,0.17728465795516968,0.09923448413610458,0.3163866400718689,0.3163866400718689,0.0,33,6187,,,,,,,,,,,,,,,,,,,,,,,,,,,,,,,,,,,,,,,,,,,,,,,,,,,,,,,,
,,,,,,,,,,,,,,,,,,,,,,,,,,,,,,,,,,,,,,,,,,,,,,,,,,,,,,,,33,6187,0.8815019130706787,0.8839014768600464,0.9534703480204499,0.762841300022739,0.8705334663391113,0.8932976126670837,0.8976863622665405,0.8651549220085144,0.1348450779914856,0.10231362283229828,0.873204231262207,0.8873549699783325,0.8103394508361816,0.9112371206283569,0.9456864506809014,0.9513643655286848,0.4136238374095763,0.5863761625904237,0.3310430980637102,0.6234395652812454,0.8182389736175537,0.9274440407752991,0.9004046320915222,0.820982813835144,0.10920505970716476,0.718643599997651,0.7484268911392498,0.3081186988831545,0.10920505970716476,0.29239646721753526,0.871290385723114,0.8927988409996033,0.8835829496383667,0.8843218088150024,0.9449449137582204,0.961165882772585,0.5252325180847399,0.4747674819152601,0.543859649122807,0.4567386178124433,0.8981006741523743,0.8971405625343323,0.8393242359161377,0.8891485929489136,0.0009601056226529181,0.7374249205723431,0.7862891687363502,0.09175138422093865,0.04982435330748558,0.08712103131036375,0.01622096901436454,0.10089766979217529,0.021508462727069855,0.27512404322624207,0.27512404322624207,0.0
0.8756319284439087,0.643478274345398,0.9093530867089256,0.5860501544452414,0.6201117038726807,0.9320987462997437,0.6686747074127197,0.9173754453659058,0.08262454718351364,0.3313252925872803,0.9093610644340515,0.8037974834442139,0.5481481552124023,0.7047619223594666,0.9055811498224399,0.877418443722638,0.6804853387259858,0.3195146612740142,0.1025260029717682,0.3069620253164557,0.5362318754196167,0.7628865838050842,0.9519867300987244,0.8219178318977356,0.22665470838546753,0.4882186390248586,0.5848044061573223,0.25952658604021295,0.22665470838546753,0.20443602234468752,0.8604206442832947,0.8927038908004761,0.6726457476615906,0.5901639461517334,0.9148154947677621,0.894722133503673,0.5288169868554095,0.4711830131445905,0.1988527724665392,0.13304721030042918,0.7211538553237915,0.5806451439857483,0.8949880599975586,0.9405940771102905,0.14050868153572083,0.616141912979622,0.521239220696263,0.09877809599619233,0.14050868153572083,0.06580556216611003,0.03739705104512414,0.15661375224590302,0.10556360334157944,0.316500186920166,0.316500186920166,0.0,34,6369,,,,,,,,,,,,,,,,,,,,,,,,,,,,,,,,,,,,,,,,,,,,,,,,,,,,,,,,
,,,,,,,,,,,,,,,,,,,,,,,,,,,,,,,,,,,,,,,,,,,,,,,,,,,,,,,,34,6369,0.8842576742172241,0.8862174153327942,0.9552158047957675,0.7684564135675047,0.8730608820915222,0.8962079286575317,0.8997765183448792,0.8686798810958862,0.13132010400295258,0.10022348165512085,0.8811569809913635,0.8864201307296753,0.8214173316955566,0.9100382328033447,0.9477123151875143,0.9530240451032301,0.4108680675163624,0.5891319324836376,0.32676587717459654,0.6224236222774449,0.8364335894584656,0.9229685068130493,0.9028642773628235,0.8261711001396179,0.08653491735458374,0.7392978703179307,0.7491396486802553,0.30139803681006405,0.08653491735458374,0.2956577451028483,0.8818703889846802,0.8868950605392456,0.8939304947853088,0.8757961988449097,0.9511738785369446,0.9581320768500255,0.5248880468480882,0.4751119531519118,0.5483182936833471,0.44861337683523655,0.9078395962715149,0.8888888955116272,0.8503450751304626,0.8852728605270386,0.018950728699564934,0.7581846950924327,0.7741617357001971,0.10335499655550456,0.034927770495414734,0.0997049168481105,0.01041976166251124,0.08862088620662689,0.005738061387091875,0.26922348141670227,0.26922348141670227,0.0
0.8776541948318481,0.647230327129364,0.9068717152937388,0.5884802881025926,0.6271186470985413,0.9322659969329834,0.6686747074127197,0.9198055863380432,0.08019441366195679,0.3313252925872803,0.9153046011924744,0.797468364238739,0.5777778029441833,0.692307710647583,0.9017180151646031,0.8745469095702113,0.6804853387259858,0.3195146612740142,0.1025260029717682,0.3069620253164557,0.5652173757553101,0.7422680258750916,0.9552980065345764,0.8219178318977356,0.1770506501197815,0.5205154045493809,0.5641858494562915,0.2531974721161623,0.1770506501197815,0.20443602234468752,0.8642447590827942,0.8927038908004761,0.6844444274902344,0.5762711763381958,0.9173857169083899,0.8844219099329288,0.5288169868554095,0.4711830131445905,0.1988527724665392,0.13304721030042918,0.7403846383094788,0.5483871102333069,0.8949880599975586,0.9455445408821106,0.19199751317501068,0.6353726822103911,0.493931651229639,0.11118587876151946,0.19199751317501068,0.06580556216611003,0.042838807338178575,0.11603650450706482,0.11783625185489655,0.32162103056907654,0.32162103056907654,0.0,35,6551,,,,,,,,,,,,,,,,,,,,,,,,,,,,,,,,,,,,,,,,,,,,,,,,,,,,,,,,
,,,,,,,,,,,,,,,,,,,,,,,,,,,,,,,,,,,,,,,,,,,,,,,,,,,,,,,,35,6551,0.8805546164512634,0.8812398314476013,0.9554663230368101,0.7615720727693247,0.8648739457130432,0.8970328569412231,0.8982370495796204,0.8633350133895874,0.1366649717092514,0.10176295787096024,0.8772813081741333,0.8828341960906982,0.8115941882133484,0.9064614176750183,0.9490625857687265,0.9521665308964242,0.41052359627971063,0.5894764037202893,0.3194881476819803,0.614463111760409,0.8273144960403442,0.9239181876182556,0.900739848613739,0.8173550367355347,0.09660369902849197,0.7280543382074933,0.7412732708123531,0.3062651173616765,0.09660369902849197,0.2949749640784287,0.8695298433303833,0.8929551839828491,0.8811851739883423,0.8813146948814392,0.9445379991847871,0.9654434940438488,0.5293661729245608,0.4706338270754392,0.5381486904180901,0.44300091491308324,0.8990326523780823,0.897149920463562,0.8351532220840454,0.8896189332008362,0.0018827100284397602,0.7341858710915887,0.7867688605125651,0.10102753952381355,0.054465699940919876,0.09514777550500686,0.02090549485906168,0.09486719220876694,0.02342531643807888,0.2702096998691559,0.2702096998691559,0.0
0.8725985884666443,0.6315789222717285,0.9078013146144726,0.5679778652886149,0.6136363744735718,0.9286592602729797,0.650602400302887,0.9173754453659058,0.08262454718351364,0.34939759969711304,0.9093610644340515,0.7943037748336792,0.5413534045219421,0.6889952421188354,0.9041414723102025,0.875394247516829,0.6804853387259858,0.3195146612740142,0.1025260029717682,0.3069620253164557,0.52173912525177,0.7422680258750916,0.9536423683166504,0.8173515796661377,0.22052891552448273,0.47538151454074296,0.5596196394106294,0.25933379728026784,0.22052891552448273,0.20443602234468752,0.8585085868835449,0.8884119987487793,0.6696428656578064,0.5593220591545105,0.915480998714889,0.8916081124241456,0.5288169868554095,0.4711830131445905,0.1988527724665392,0.13304721030042918,0.7211538553237915,0.5322580933570862,0.8926014304161072,0.9430692791938782,0.18889577686786652,0.6137552781347531,0.475327371446822,0.10927383287241811,0.18889577686786652,0.06580556216611003,0.04008675119805993,0.1476418375968933,0.11505727469921112,0.3171405792236328,0.3171405792236328,0.0,36,6733,,,,,,,,,,,,,,,,,,,,,,,,,,,,,,,,,,,,,,,,,,,,,,,,,,,,,,,,
,,,,,,,,,,,,,,,,,,,,,,,,,,,,,,,,,,,,,,,,,,,,,,,,,,,,,,,,36,6733,0.8865828514099121,0.888531506061554,0.9557097448991518,0.7731010007507679,0.8752709627151489,0.8986642956733704,0.9022000432014465,0.8709009289741516,0.1290990710258484,0.09779993444681168,0.8777958750724792,0.8930385708808899,0.8154743909835815,0.9163355827331543,0.9478723254682627,0.9537051443727038,0.4235273854633138,0.5764726145366862,0.32838552257015047,0.6278757095906782,0.8222910165786743,0.9329050779342651,0.9049348831176758,0.825772762298584,0.11061404645442963,0.72722592933153,0.758677849823963,0.3167070521233014,0.11061404645442963,0.2994901870205277,0.8764428496360779,0.8980040550231934,0.8871734142303467,0.8903327584266663,0.9468308150615125,0.9638843660086371,0.5297106441612125,0.47028935583878745,0.5387741830596651,0.45852407983885735,0.9016294479370117,0.9029552936553955,0.8470215201377869,0.8938112854957581,0.001325820805504918,0.748650952400908,0.7967665667971489,0.08480694203508238,0.04678979516029358,0.08025010322080772,0.017053550947124685,0.10086122900247574,0.02156117372214794,0.26824939250946045,0.26824939250946045,0.0
