,model_name,model_id,teacher_name,teacher_id,seed,sampling_technique,distillation_technique,accuracy,f1,auc,youden,PPV,NPV,TPR,TNR,FPR,FNR,age_accuracy_group_0,age_accuracy_group_1,age_f1_group_0,age_f1_group_1,age_auc_group_0,age_auc_group_1,age_prevalence_group_0,age_prevalence_group_1,age_disease_prevalence_group_0,age_disease_prevalence_group_1,age_tpr_group_0,age_tpr_group_1,age_tnr_group_0,age_tnr_group_1,age_tpr_diff,age_youden_group_0,age_youden_group_1,age_dp,age_eq_odds,age_eq_opportunity,sex_accuracy_group_0,sex_accuracy_group_1,sex_f1_group_0,sex_f1_group_1,sex_auc_group_0,sex_auc_group_1,sex_prevalence_group_0,sex_prevalence_group_1,sex_disease_prevalence_group_0,sex_disease_prevalence_group_1,sex_tpr_group_0,sex_tpr_group_1,sex_tnr_group_0,sex_tnr_group_1,sex_tpr_diff,sex_youden_group_0,sex_youden_group_1,sex_dp,sex_eq_odds,sex_eq_opportunity,auc_gap,f1_gap,accuracy_gap,primary_loss,fair_loss,data
0,resnet18,r18-sam1-s43,,,43,1,0,0.8473053892215568,0.5459940652818992,0.8695974497738899,0.5316924901771816,0.4693877551020408,0.9392059553349876,0.6524822695035462,0.8792102206736353,0.1207897793263647,0.3475177304964538,0.8865836791147994,0.7455197132616488,0.4938271604938271,0.5942857142857143,0.8824108510172829,0.7954360780065005,0.7215568862275449,0.278443113772455,0.0968188105117565,0.2544802867383512,0.5714285714285714,0.7323943661971831,0.9203675344563552,0.75,0.1609657947686117,0.4917961058849267,0.482394366197183,0.2455122771010872,0.1703675344563553,0.1703675344563553,0.8397790055248618,0.8562091503267973,0.5396825396825397,0.5540540540540541,0.8499563509384548,0.8930689851304137,0.5419161676646707,0.4580838323353293,0.14548802946593,0.1350762527233115,0.6455696202531646,0.6612903225806451,0.8728448275862069,0.8866498740554156,0.0157207023274805,0.5184144478393713,0.5479401966360609,0.0152144344539534,0.0157207023274805,0.0138050464692087,0.0976329071239131,0.1004585537918871,0.1410639658531506,0.4136528968811035,0.0,No Male
0,resnet18,r18-sam1-s45,,,45,1,0,0.845309381237525,0.5201238390092878,0.8602976911228079,0.4819235426396817,0.4615384615384615,0.9304878048780488,0.5957446808510638,0.8861788617886179,0.113821138211382,0.4042553191489362,0.8879668049792531,0.7347670250896058,0.5030674846625767,0.5375000000000001,0.8974185079851236,0.749593716143012,0.7215568862275449,0.278443113772455,0.0968188105117565,0.2544802867383512,0.5857142857142857,0.6056338028169014,0.9203675344563552,0.7788461538461539,0.0199195171026156,0.5060818201706412,0.3844799566630552,0.1903657103764184,0.1415213806102014,0.1576614762265947,0.8379373848987108,0.8540305010893247,0.5056179775280899,0.5379310344827586,0.8551123963334788,0.8678394409685545,0.5419161676646707,0.4580838323353293,0.14548802946593,0.1350762527233115,0.569620253164557,0.6290322580645161,0.8836206896551724,0.889168765743073,0.0594120048999591,0.4532409428197295,0.5182010238075891,0.0014925552787106,0.0594120048999591,0.0104117767426184,0.1478247918421116,0.0348635498201819,0.1531997798896472,0.3898143470287323,0.0,No Male
0,resnet18,r18-sam1-s42,,,42,1,0,0.8632734530938124,0.529209621993127,0.8632795446495498,0.4613141572145205,0.5133333333333333,0.9248826291079812,0.5460992907801419,0.9152148664343788,0.0847851335656213,0.4539007092198581,0.908713692946058,0.7455197132616488,0.5217391304347826,0.5359477124183006,0.8786698753008094,0.7793201516793066,0.7215568862275449,0.278443113772455,0.0968188105117565,0.2544802867383512,0.5142857142857142,0.5774647887323944,0.9509954058192956,0.8028846153846154,0.0631790744466801,0.4652811201050097,0.3803494041170099,0.199854251252993,0.1481107904346801,0.1576614762265947,0.8655616942909761,0.8605664488017429,0.5350318471337578,0.5223880597014926,0.8409537319947621,0.8929471032745592,0.5419161676646707,0.4580838323353293,0.14548802946593,0.1350762527233115,0.5316455696202531,0.5645161290322581,0.9224137931034484,0.906801007556675,0.032870559412005,0.4540593627237013,0.471317136588933,0.0132163362582602,0.032870559412005,0.0156127855467732,0.1136269515952526,0.014208581983518,0.1631939796844093,0.4576674401760101,0.0,No Male
0,resnet18,r18-sam1-s46,,,46,1,0,0.8423153692614771,0.4733333333333333,0.8482302452203853,0.4013393629377022,0.4465408805031446,0.9169632265717677,0.5035460992907801,0.8977932636469221,0.1022067363530778,0.4964539007092199,0.8948824343015215,0.7060931899641577,0.4647887323943661,0.4810126582278481,0.8835703347188799,0.7258261105092091,0.7215568862275449,0.278443113772455,0.0968188105117565,0.2544802867383512,0.4714285714285714,0.5352112676056338,0.9402756508422664,0.7644230769230769,0.0637826961770623,0.411704222270838,0.2996343445287106,0.2122428947485834,0.1758525739191896,0.1758525739191896,0.8434622467771639,0.840958605664488,0.4848484848484849,0.4592592592592592,0.8399716281099956,0.8587389290647599,0.5419161676646707,0.4580838323353293,0.14548802946593,0.1350762527233115,0.5063291139240507,0.5,0.9008620689655172,0.8942065491183879,0.0063291139240506,0.407191182889568,0.3942065491183879,0.0006620204865248,0.0066555198471293,0.0104117767426184,0.1577442242096708,0.0255892255892256,0.1887892443373637,0.3699027299880981,0.0,No Male
0,resnet18,r18-sam1-s44,,,44,1,0,0.8323353293413174,0.4716981132075472,0.8498694409436496,0.4134479946623175,0.423728813559322,0.92,0.5319148936170213,0.8815331010452961,0.1184668989547038,0.4680851063829787,0.8769017980636238,0.7168458781362007,0.4331210191082802,0.5093167701863354,0.8692846204331656,0.7671316359696642,0.7215568862275449,0.278443113772455,0.0968188105117565,0.2544802867383512,0.4857142857142857,0.5774647887323944,0.9188361408882084,0.7644230769230769,0.0917505030181086,0.4045504266024939,0.3418878656554711,0.2022486949538214,0.1544130639651314,0.1576614762265947,0.8268876611418048,0.8387799564270153,0.4534883720930233,0.4931506849315069,0.8300141859450022,0.8805151539774112,0.5419161676646707,0.4580838323353293,0.14548802946593,0.1350762527233115,0.4936708860759494,0.5806451612903226,0.8836206896551724,0.8790931989924433,0.0869742752143732,0.3772915757311217,0.459738360282766,0.0117358177156682,0.0869742752143732,0.0104117767426184,0.113383518007747,0.0761957510780551,0.160055919927423,0.4057880043983459,0.0,No Male
0,resnet34,r34-sam1-s42,,,42,1,0,0.8483033932135728,0.5308641975308642,0.886294182090757,0.4972693799886327,0.4699453551912568,0.9328449328449328,0.6099290780141844,0.8873403019744484,0.1126596980255516,0.3900709219858156,0.8962655601659751,0.7240143369175627,0.5341614906832297,0.5276073619631902,0.9097790417851672,0.797467497291441,0.7215568862275449,0.278443113772455,0.0968188105117565,0.2544802867383512,0.6142857142857143,0.6056338028169014,0.9264931087289432,0.7644230769230769,0.0086519114688129,0.5407788230146577,0.3700568797399781,0.2038846502773688,0.1620700318058664,0.1620700318058664,0.8360957642725598,0.8627450980392157,0.518918918918919,0.5467625899280575,0.8705259711916193,0.9071666531242384,0.5419161676646707,0.4580838323353293,0.14548802946593,0.1350762527233115,0.6075949367088608,0.6129032258064516,0.875,0.9017632241813602,0.0053082890975908,0.4825949367088609,0.514666449987812,0.0274557950866043,0.0267632241813602,0.0267632241813602,0.1123115444937263,0.0278436710091385,0.1722512232484124,0.4158783853054046,0.0,No Male
0,resnet34,r34-sam1-s44,,,44,1,0,0.8493013972055888,0.4915824915824915,0.8555777958995395,0.4213309610299749,0.4679487179487179,0.9196217494089834,0.5177304964539007,0.9036004645760743,0.0963995354239256,0.4822695035460993,0.8879668049792531,0.7491039426523297,0.4489795918367347,0.5333333333333333,0.8769415882739007,0.7690276273022753,0.7215568862275449,0.278443113772455,0.0968188105117565,0.2544802867383512,0.4714285714285714,0.5633802816901409,0.9326186830015314,0.8125,0.0919517102615694,0.4040472544301028,0.375880281690141,0.176653430300867,0.1201186830015313,0.1576614762265947,0.8379373848987108,0.8627450980392157,0.4823529411764705,0.5039370078740157,0.8470918812745526,0.8644267490046316,0.5419161676646707,0.4580838323353293,0.14548802946593,0.1350762527233115,0.5189873417721519,0.5161290322580645,0.8922413793103449,0.9168765743073048,0.0028583095140873,0.4112287210824967,0.4330056065653691,0.0259752765440123,0.0246351949969598,0.0246351949969598,0.1079139609716254,0.0843537414965986,0.1388628623269233,0.3628172278404236,0.0,No Male
0,resnet34,r34-sam1-s45,,,45,1,0,0.8283433133732535,0.5028901734104047,0.8637902488447378,0.4799713346677539,0.424390243902439,0.9322459222082812,0.6170212765957447,0.8629500580720093,0.1370499419279907,0.3829787234042553,0.8741355463347165,0.7096774193548387,0.4739884393063584,0.5317919075144509,0.8808794574491359,0.7806067172264356,0.7215568862275449,0.278443113772455,0.0968188105117565,0.2544802867383512,0.5857142857142857,0.647887323943662,0.9050535987748852,0.7307692307692307,0.0621730382293762,0.4907678844891707,0.3786565547128928,0.2231294338107348,0.1742843680056544,0.1742843680056544,0.8305709023941068,0.8257080610021786,0.5,0.5061728395061729,0.8593136185072021,0.8696676688063704,0.5419161676646707,0.4580838323353293,0.14548802946593,0.1350762527233115,0.5822784810126582,0.6612903225806451,0.8728448275862069,0.8513853904282116,0.0790118415679869,0.4551233085988651,0.5126757130088566,0.0244947580014203,0.0790118415679869,0.0214594371579952,0.1002727402227002,0.0578034682080925,0.1644581269798777,0.3965140283107757,0.0,No Male
0,resnet34,r34-sam1-s46,,,46,1,0,0.8263473053892215,0.5084745762711864,0.855808436503818,0.4954407294832825,0.4225352112676056,0.935361216730038,0.6382978723404256,0.8571428571428571,0.1428571428571429,0.3617021276595744,0.8741355463347165,0.7025089605734767,0.4678362573099415,0.546448087431694,0.8673594399474951,0.784737269772481,0.7215568862275449,0.278443113772455,0.0968188105117565,0.2544802867383512,0.5714285714285714,0.704225352112676,0.906584992343032,0.7019230769230769,0.1327967806841046,0.4780135637716034,0.4061484290357529,0.2617379794464522,0.2046619154199552,0.2046619154199552,0.8305709023941068,0.8213507625272332,0.5208333333333334,0.4938271604938271,0.8547304670449585,0.857926383359064,0.5419161676646707,0.4580838323353293,0.14548802946593,0.1350762527233115,0.6329113924050633,0.6451612903225806,0.8642241379310345,0.8488664987405542,0.0122498979175172,0.4971355303360978,0.4940277890631348,0.0097617929922122,0.0153576391904802,0.0153576391904802,0.082622170175014,0.0786118301217525,0.1716265857612398,0.4093409180641174,0.0,No Male
0,resnet34,r34-sam1-s43,,,43,1,0,0.8542914171656687,0.5379746835443038,0.8832052454263144,0.4983072627078853,0.4857142857142857,0.932285368802902,0.6028368794326241,0.8954703832752613,0.1045296167247387,0.3971631205673759,0.9045643153526972,0.7240143369175627,0.5490196078431373,0.5276073619631902,0.9121198862393348,0.7928629469122427,0.7215568862275449,0.278443113772455,0.0968188105117565,0.2544802867383512,0.6,0.6056338028169014,0.9372128637059725,0.7644230769230769,0.0056338028169014,0.5372128637059723,0.3700568797399781,0.2149496571929981,0.1727897867828955,0.1727897867828955,0.8434622467771639,0.8671023965141612,0.5142857142857143,0.5673758865248227,0.8750818419903972,0.8906719752986104,0.5419161676646707,0.4580838323353293,0.14548802946593,0.1350762527233115,0.569620253164557,0.6451612903225806,0.8900862068965517,0.9017632241813602,0.0755410371580236,0.4597064600611087,0.546924514503941,0.0046822903501486,0.0755410371580236,0.0116770172848085,0.1192569393270922,0.0530901722391083,0.1805499784351344,0.3925904035568237,0.0,No Male
0,resnet50,r50-sam1-s45,,,45,1,0,0.846307385229541,0.5126582278481012,0.854992957224405,0.4652927076383226,0.4628571428571428,0.9274486094316808,0.574468085106383,0.8908246225319396,0.1091753774680603,0.4255319148936169,0.8852005532503457,0.7455197132616488,0.4575163398692811,0.5644171779141104,0.8781229490264713,0.7661159263271939,0.7215568862275449,0.278443113772455,0.0968188105117565,0.2544802867383512,0.5,0.647887323943662,0.9264931087289432,0.7788461538461539,0.147887323943662,0.4264931087289434,0.4267334777898157,0.2149496571929981,0.147887323943662,0.1576614762265947,0.848987108655617,0.8431372549019608,0.5,0.5263157894736842,0.8419631165429943,0.8721053059234581,0.5419161676646707,0.4580838323353293,0.14548802946593,0.1350762527233115,0.5189873417721519,0.6451612903225806,0.9051724137931034,0.8740554156171285,0.1261739485504287,0.4241597555652552,0.519216705939709,0.0395406781497129,0.1261739485504287,0.0311169981759749,0.1120070226992773,0.1069008380448293,0.1396808399886969,0.3694409430027008,0.0,No Male
0,resnet50,r50-sam1-s43,,,43,1,0,0.846307385229541,0.5246913580246915,0.8665002759450086,0.4890157412212419,0.4644808743169399,0.9316239316239316,0.6028368794326241,0.8861788617886179,0.113821138211382,0.3971631205673759,0.8948824343015215,0.7204301075268817,0.4794520547945205,0.5617977528089887,0.8912491796105886,0.7777627302275191,0.7215568862275449,0.278443113772455,0.0968188105117565,0.2544802867383512,0.5,0.704225352112676,0.9372128637059725,0.7259615384615384,0.204225352112676,0.4372128637059724,0.4301868905742143,0.2783949791043888,0.211251325244434,0.211251325244434,0.8305709023941068,0.8649237472766884,0.4945054945054945,0.5633802816901409,0.8434089917066784,0.8938815308361096,0.5419161676646707,0.4580838323353293,0.14548802946593,0.1350762527233115,0.569620253164557,0.6451612903225806,0.875,0.8992443324937027,0.0755410371580236,0.4446202531645569,0.5444056228162832,0.0153949854957329,0.0755410371580236,0.0242443324937027,0.1161188006085904,0.0839282268956203,0.1744523267746397,0.371476411819458,0.0,No Male
0,resnet50,r50-sam1-s42,,,42,1,0,0.8493013972055888,0.4810996563573883,0.8477854383407055,0.4035386858427854,0.4666666666666667,0.9166666666666666,0.4964539007092198,0.9070847851335656,0.0929152148664343,0.5035460992907801,0.8879668049792531,0.7491039426523297,0.4335664335664335,0.527027027027027,0.875672719317436,0.7520991332611052,0.7215568862275449,0.278443113772455,0.0968188105117565,0.2544802867383512,0.4428571428571428,0.5492957746478874,0.9356814701378254,0.8173076923076923,0.1064386317907445,0.3785386129949684,0.3666034669555795,0.1750174749773197,0.1183737778301331,0.1576614762265947,0.8434622467771639,0.8562091503267973,0.4654088050314466,0.4999999999999999,0.8358522479266697,0.8620297391728285,0.5419161676646707,0.4580838323353293,0.14548802946593,0.1350762527233115,0.4683544303797468,0.532258064516129,0.9073275862068966,0.906801007556675,0.0639036341363821,0.3756820165866434,0.439059072072804,0.0051757965310126,0.0639036341363821,0.0104117767426184,0.1235735860563307,0.0934605934605934,0.1388628623269233,0.3672701716423034,0.0,No Male
0,resnet50,r50-sam1-s46,,,46,1,0,0.8582834331337326,0.5477707006369428,0.8769202889597286,0.508883781846937,0.4971098265895953,0.9336550060313632,0.6099290780141844,0.8989547038327527,0.1010452961672473,0.3900709219858156,0.9017980636237898,0.7455197132616488,0.5298013245033113,0.5644171779141104,0.890899146795012,0.8055254604550379,0.7215568862275449,0.278443113772455,0.0968188105117565,0.2544802867383512,0.5714285714285714,0.647887323943662,0.9372128637059725,0.7788461538461539,0.0764587525150906,0.5086414351345439,0.4267334777898157,0.2177159089219054,0.1583667098598186,0.1583667098598186,0.850828729281768,0.8671023965141612,0.5149700598802396,0.5850340136054423,0.8635694020078568,0.8955472495327862,0.5419161676646707,0.4580838323353293,0.14548802946593,0.1350762527233115,0.5443037974683544,0.6935483870967742,0.9030172413793104,0.8942065491183879,0.1492445896284198,0.4473210388476647,0.5877549362151622,0.023122570083896,0.1492445896284198,0.0104117767426184,0.0900217890777482,0.0700639537252026,0.156278350362141,0.3497727513313293,0.0,No Male
0,resnet50,r50-sam1-s44,,,44,1,0,0.8512974051896207,0.523961661341853,0.8762036556535778,0.4770306669632045,0.4767441860465116,0.9289156626506024,0.5815602836879432,0.8954703832752613,0.1045296167247387,0.4184397163120568,0.8879668049792531,0.7562724014336918,0.4335664335664335,0.6,0.8814920148763946,0.8225216684723727,0.7215568862275449,0.278443113772455,0.0968188105117565,0.2544802867383512,0.4428571428571428,0.7183098591549296,0.9356814701378254,0.7692307692307693,0.2754527162977868,0.3785386129949684,0.4875406283856989,0.2538705215723018,0.2754527162977868,0.1664507009070561,0.856353591160221,0.8453159041394336,0.5411764705882353,0.5034965034965034,0.8721628109995636,0.8824652636710815,0.5419161676646707,0.4580838323353293,0.14548802946593,0.1350762527233115,0.5822784810126582,0.5806451612903226,0.9030172413793104,0.8866498740554156,0.0016333197223356,0.4852957223919687,0.4672950353457383,0.0088831112555519,0.0163673673238947,0.0163673673238947,0.0599435951987087,0.1664335664335664,0.1316944035455612,0.3528025150299072,0.0,No Male
0,resnet101,r101-sam1-s44,,,44,1,0,0.8522954091816367,0.5345911949685535,0.8746138829169446,0.4959843823362244,0.480225988700565,0.932121212121212,0.6028368794326241,0.8931475029036005,0.1068524970963995,0.3971631205673759,0.8990318118948825,0.7311827956989247,0.5165562913907285,0.5508982035928144,0.9048129512141764,0.7780335861321777,0.7215568862275449,0.278443113772455,0.0968188105117565,0.2544802867383512,0.5571428571428572,0.647887323943662,0.9356814701378254,0.7596153846153846,0.0907444668008048,0.4928243272806827,0.4075027085590466,0.2320528264846295,0.1760660855224408,0.1760660855224408,0.8471454880294659,0.8583877995642701,0.5257142857142857,0.5454545454545454,0.8625872981230903,0.890590720728041,0.5419161676646707,0.4580838323353293,0.14548802946593,0.1350762527233115,0.5822784810126582,0.6290322580645161,0.8922413793103449,0.8942065491183879,0.0467537770518579,0.474519860323003,0.5232388071829042,0.0003249918752031,0.0467537770518579,0.0104117767426184,0.1267793650819987,0.0343419122020859,0.1678490161959577,0.347136914730072,0.0,No Male
0,resnet101,r101-sam1-s42,,,42,1,0,0.8413173652694611,0.5015673981191222,0.8600176275318985,0.4535547483134405,0.449438202247191,0.9259708737864076,0.5673758865248227,0.8861788617886179,0.113821138211382,0.4326241134751772,0.8934993084370678,0.7060931899641577,0.4832214765100671,0.5176470588235295,0.8795012032378036,0.764626218851571,0.7215568862275449,0.278443113772455,0.0968188105117565,0.2544802867383512,0.5142857142857142,0.6197183098591549,0.9341500765696784,0.7355769230769231,0.1054325955734406,0.4484357908553926,0.3552952329360779,0.2455717663855798,0.1985731534927552,0.1985731534927552,0.8268876611418048,0.8583877995642701,0.4835164835164835,0.5255474452554746,0.8544849410737669,0.866539367839441,0.5419161676646707,0.4580838323353293,0.14548802946593,0.1350762527233115,0.5569620253164557,0.5806451612903226,0.8728448275862069,0.9017632241813602,0.0236831359738669,0.4298068529026624,0.4824083854716829,0.0262882316830967,0.0289183965951533,0.0289183965951533,0.1148749843862325,0.0423259687454075,0.1874061184729101,0.3589064478874206,0.0,No Male
0,resnet101,r101-sam1-s43,,,43,1,0,0.844311377245509,0.5411764705882354,0.8832052454263144,0.5282081696196901,0.4623115577889447,0.9389788293897884,0.6524822695035462,0.875725900116144,0.1242740998838559,0.3475177304964538,0.8879668049792531,0.7311827956989247,0.5149700598802396,0.5664739884393063,0.9061912054255086,0.7929306608884074,0.7215568862275449,0.278443113772455,0.0968188105117565,0.2544802867383512,0.6142857142857143,0.6901408450704225,0.9173047473200612,0.7451923076923077,0.0758551307847081,0.5315904616057756,0.4353331527627302,0.2314281889974568,0.1721124396277535,0.1721124396277535,0.8453038674033149,0.8431372549019608,0.5578947368421052,0.5199999999999999,0.8762003491924923,0.8927033395628504,0.5419161676646707,0.4580838323353293,0.14548802946593,0.1350762527233115,0.6708860759493671,0.6290322580645161,0.875,0.8765743073047859,0.0418538178848509,0.5458860759493671,0.505606565369302,0.0126987566051589,0.0418538178848509,0.0104117767426184,0.1132605445371012,0.0515039285590667,0.1567840092803283,0.3394432663917541,0.0,No Male
0,resnet101,r101-sam1-s46,,,46,1,0,0.8692614770459082,0.5338078291814946,0.8727934695760331,0.4564212815380433,0.5357142857142857,0.9234338747099768,0.5319148936170213,0.924506387921022,0.0754936120789779,0.4680851063829787,0.91701244813278,0.7455197132616488,0.5454545454545455,0.523489932885906,0.8936556552176766,0.787919826652221,0.7215568862275449,0.278443113772455,0.0968188105117565,0.2544802867383512,0.5142857142857142,0.5492957746478874,0.9601837672281776,0.8125,0.0350100603621731,0.4744694815138919,0.3617957746478875,0.193816088876991,0.1476837672281776,0.1576614762265947,0.8655616942909761,0.8736383442265795,0.5100671140939598,0.5606060606060607,0.8588771278917503,0.890793857154465,0.5419161676646707,0.4580838323353293,0.14548802946593,0.1350762527233115,0.4810126582278481,0.5967741935483871,0.9310344827586208,0.9168765743073048,0.115761535320539,0.4120471409864688,0.5136507678556919,0.0235920027925227,0.115761535320539,0.0141579084513159,0.1057358285654556,0.0505389465121008,0.1714927348711312,0.32903853058815,0.0,No Male
0,resnet101,r101-sam1-s45,,,45,1,0,0.8592814371257484,0.5523809523809523,0.8932463488768626,0.5159759804284973,0.5,0.9347826086956522,0.6170212765957447,0.8989547038327527,0.1010452961672473,0.3829787234042553,0.9073305670816044,0.7347670250896058,0.5786163522012578,0.5256410256410257,0.9262962152701816,0.7890709642470206,0.7215568862275449,0.278443113772455,0.0968188105117565,0.2544802867383512,0.6571428571428571,0.5774647887323944,0.9341500765696784,0.7884615384615384,0.0796780684104627,0.5912929337125354,0.3659263271939328,0.181561296271509,0.1456885381081399,0.1576614762265947,0.861878453038674,0.8562091503267973,0.576271186440678,0.5217391304347826,0.901625927542558,0.8816527179653856,0.5419161676646707,0.4580838323353293,0.14548802946593,0.1350762527233115,0.6455696202531646,0.5806451612903226,0.8987068965517241,0.8992443324937027,0.0649244589628419,0.5442765168048886,0.4798894937840252,0.0149014793148689,0.0649244589628419,0.0104117767426184,0.1372252510231609,0.0568772217664752,0.1725635419919986,0.3227761387825012,0.0,No Male
0,resnet18,r18-sam1-s42,,,42,1,0,0.846307385229541,0.4866666666666666,0.8758165089249675,0.4178466404724839,0.4591194968553459,0.9193357058125742,0.5177304964539007,0.9001161440185831,0.0998838559814169,0.4822695035460993,0.8852005532503457,0.7455197132616488,0.4353741496598639,0.5359477124183006,0.8943338437978561,0.7990926327193932,0.7215568862275449,0.278443113772455,0.0968188105117565,0.2544802867383512,0.4571428571428571,0.5774647887323944,0.9310872894333844,0.8028846153846154,0.1203219315895372,0.3882301465762414,0.3803494041170099,0.18740611847291,0.1282026740487689,0.1576614762265947,0.8103130755064457,0.8888888888888888,0.4180790960451978,0.5853658536585366,0.8478284591881274,0.9077354351182254,0.5419161676646707,0.4580838323353293,0.14548802946593,0.1350762527233115,0.4683544303797468,0.5806451612903226,0.8685344827586207,0.9370277078085644,0.1122907309105757,0.3368889131383674,0.5176728690988868,0.0475812178769604,0.1122907309105757,0.0684932250499436,0.1086428023988321,0.1672867576133387,0.14336917562724,0.3357717394828796,0.0,No Female
0,resnet18,r18-sam1-s45,,,45,1,0,0.8333333333333334,0.4560260586319218,0.8225467665010997,0.3849556428694987,0.4216867469879518,0.9150717703349284,0.4964539007092198,0.8885017421602788,0.1114982578397212,0.5035460992907801,0.8782849239280774,0.7168458781362007,0.4133333333333333,0.4968152866242037,0.8488514548238897,0.7280606717226435,0.7215568862275449,0.278443113772455,0.0968188105117565,0.2544802867383512,0.4428571428571428,0.5492957746478874,0.9249617151607964,0.7740384615384616,0.1064386317907445,0.3678188580179391,0.3233342361863489,0.1975936584422731,0.1509232536223347,0.1576614762265947,0.7955801104972375,0.8779956427015251,0.3867403314917126,0.5555555555555557,0.7867470536883456,0.8647111400016251,0.5419161676646707,0.4580838323353293,0.14548802946593,0.1350762527233115,0.4430379746835443,0.5645161290322581,0.8556034482758621,0.9269521410579346,0.1214781543487138,0.2986414229594063,0.4914682700901926,0.0484117526691462,0.1214781543487138,0.0713486927820724,0.1366504682789815,0.168815224063843,0.1614390457918767,0.3839844763278961,0.0,No Female
0,resnet18,r18-sam1-s44,,,44,1,0,0.8552894211576846,0.5245901639344263,0.8548776369222659,0.4698149109150666,0.4878048780487805,0.9272076372315036,0.5673758865248227,0.902439024390244,0.097560975609756,0.4326241134751772,0.8948824343015215,0.7526881720430108,0.5189873417721519,0.5306122448979592,0.8788448917085978,0.7657773564463706,0.7215568862275449,0.278443113772455,0.0968188105117565,0.2544802867383512,0.5857142857142857,0.5492957746478874,0.9280245022970904,0.8221153846153846,0.0364185110663983,0.5137387880113762,0.371411159263272,0.1506863576198337,0.1059091176817057,0.1576614762265947,0.8397790055248618,0.8736383442265795,0.5084745762711864,0.5468750000000001,0.8383620689655172,0.8729178516291541,0.5419161676646707,0.4580838323353293,0.14548802946593,0.1350762527233115,0.569620253164557,0.5645161290322581,0.8857758620689655,0.9219143576826196,0.0051041241322988,0.4553961152335226,0.4864304867148776,0.0366879716895966,0.0361384956136541,0.0361384956136541,0.1130675352622272,0.0384004237288136,0.1421942622585107,0.3701251149177551,0.0,No Female
0,resnet18,r18-sam1-s43,,,43,1,0,0.8353293413173652,0.4728434504792332,0.8681971318193424,0.411001556824079,0.4302325581395348,0.9192771084337348,0.524822695035461,0.8861788617886179,0.113821138211382,0.475177304964539,0.8852005532503457,0.7060931899641577,0.4779874213836477,0.4675324675324675,0.8998468606431853,0.7673347778981582,0.7215568862275449,0.278443113772455,0.0968188105117565,0.2544802867383512,0.5428571428571428,0.5070422535211268,0.9218989280245024,0.7740384615384616,0.035814889336016,0.4647560708816451,0.2810807150595882,0.174392837490147,0.1478604664860408,0.1576614762265947,0.8121546961325967,0.8627450980392157,0.4456521739130434,0.5116279069767442,0.8515931907463989,0.8888437474607946,0.5419161676646707,0.4580838323353293,0.14548802946593,0.1350762527233115,0.5189873417721519,0.532258064516129,0.8620689655172413,0.9143576826196472,0.0132707227439771,0.3810563072893931,0.4466157471357763,0.0474006668351809,0.052288717102406,0.052288717102406,0.1325120827450271,0.0659757330637007,0.179107363286188,0.3635995090007782,0.0,No Female
0,resnet18,r18-sam1-s46,,,46,1,0,0.8003992015968064,0.4505494505494505,0.8434279783527319,0.4177972174858526,0.3677130044843049,0.9242618741976892,0.5815602836879432,0.8362369337979094,0.1637630662020905,0.4184397163120568,0.8561549100968188,0.6559139784946236,0.4583333333333333,0.4418604651162791,0.8838547363815357,0.7283315276273022,0.7215568862275449,0.278443113772455,0.0968188105117565,0.2544802867383512,0.6285714285714286,0.5352112676056338,0.8805513016845329,0.6971153846153846,0.0933601609657948,0.5091227302559616,0.2323266522210183,0.1932658129954341,0.1834359170691483,0.1834359170691483,0.7734806629834254,0.8322440087145969,0.4057971014492753,0.5095541401273885,0.8258129637712789,0.8629641667343788,0.5419161676646707,0.4580838323353293,0.14548802946593,0.1350762527233115,0.5316455696202531,0.6451612903225806,0.8146551724137931,0.8614609571788413,0.1135157207023275,0.3463007420340462,0.5066222475014219,0.0287557625874168,0.1135157207023275,0.0468057847650481,0.1555232087542334,0.1037570386781132,0.2002409316021951,0.4124802649021148,0.0,No Female
0,resnet34,r34-sam1-s43,,,43,1,0,0.8542914171656687,0.4748201438848921,0.8618957010238796,0.3856228531890182,0.4817518248175182,0.9132947976878611,0.4680851063829787,0.9175377468060396,0.0824622531939605,0.5319148936170213,0.8852005532503457,0.7741935483870968,0.4113475177304965,0.5401459854014597,0.8786261211988624,0.799363488624052,0.7215568862275449,0.278443113772455,0.0968188105117565,0.2544802867383512,0.4142857142857143,0.5211267605633803,0.9356814701378254,0.8605769230769231,0.1068410462776659,0.3499671844235397,0.3817036836403034,0.138357203408736,0.1068410462776659,0.1576614762265947,0.8416206261510129,0.869281045751634,0.4556962025316455,0.5000000000000001,0.8452367961588826,0.8805964085479808,0.5419161676646707,0.4580838323353293,0.14548802946593,0.1350762527233115,0.4556962025316455,0.4838709677419355,0.9073275862068966,0.929471032745592,0.0281747652102899,0.3630237887385421,0.4133420004875274,0.0191263736925095,0.0281747652102899,0.0221434465386953,0.0812329199239287,0.1287984676709632,0.1110070048632489,0.3721250593662262,0.0,No Female
0,resnet34,r34-sam1-s46,,,46,1,0,0.8063872255489022,0.436046511627907,0.8411627581321406,0.3832505498307261,0.3694581280788177,0.9173967459324156,0.5319148936170213,0.851335656213705,0.148664343786295,0.4680851063829787,0.8616874135546335,0.6630824372759857,0.4047619047619047,0.4659090909090909,0.8750820389411508,0.7362540628385699,0.7215568862275449,0.278443113772455,0.0968188105117565,0.2544802867383512,0.4857142857142857,0.5774647887323944,0.9019908116385912,0.6923076923076923,0.0917505030181086,0.3877050973528768,0.2697724810400865,0.2407977513050462,0.2096831193308987,0.2096831193308987,0.7863720073664825,0.8300653594771242,0.4313725490196078,0.4428571428571429,0.827449803579223,0.8538636548305842,0.5419161676646707,0.4580838323353293,0.14548802946593,0.1350762527233115,0.5569620253164557,0.5,0.8254310344827587,0.8816120906801007,0.0569620253164556,0.3823930597992144,0.3816120906801008,0.0602679377460007,0.0569620253164556,0.056181056197342,0.1388279761025809,0.0611471861471861,0.1986049762786478,0.3960356116294861,0.0,No Female
0,resnet34,r34-sam1-s45,,,45,1,0,0.8353293413173652,0.4518272425249169,0.8523900132618348,0.3754170064496998,0.425,0.9133016627078384,0.4822695035460992,0.8931475029036005,0.1068524970963995,0.5177304964539007,0.8782849239280774,0.7240143369175627,0.4054054054054054,0.4967320261437908,0.8804200393786917,0.7548076923076923,0.7215568862275449,0.278443113772455,0.0968188105117565,0.2544802867383512,0.4285714285714285,0.5352112676056338,0.9264931087289432,0.7884615384615384,0.1066398390342052,0.3550645373003718,0.3236728060671723,0.1860229926084564,0.1380315702674048,0.1576614762265947,0.8158379373848987,0.8583877995642701,0.4565217391304348,0.4444444444444444,0.8381983849847229,0.8684488502478265,0.5419161676646707,0.4580838323353293,0.14548802946593,0.1350762527233115,0.5316455696202531,0.4193548387096774,0.8642241379310345,0.9269521410579346,0.1122907309105756,0.3958697075512876,0.3463069797676119,0.0735444576848541,0.1122907309105756,0.0627280031269,0.1256123470709994,0.0913266207383854,0.1542705870105147,0.3824397921562195,0.0,No Female
0,resnet34,r34-sam1-s42,,,42,1,0,0.845309381237525,0.495114006514658,0.8747786262057149,0.4344774754738427,0.4578313253012048,0.9222488038277512,0.5390070921985816,0.8954703832752613,0.1045296167247387,0.4609929078014184,0.8948824343015215,0.7168458781362007,0.4864864864864864,0.5031446540880503,0.9063005906803764,0.7683504875406284,0.7215568862275449,0.278443113772455,0.0968188105117565,0.2544802867383512,0.5142857142857142,0.5633802816901409,0.9356814701378254,0.7692307692307693,0.0490945674044266,0.4499671844235395,0.3326110509209101,0.2075283689525424,0.1664507009070561,0.1664507009070561,0.8195211786372008,0.8758169934640523,0.4555555555555556,0.5511811023622047,0.8548395896988216,0.8968879499471846,0.5419161676646707,0.4580838323353293,0.14548802946593,0.1350762527233115,0.5189873417721519,0.5645161290322581,0.8706896551724138,0.924433249370277,0.0455287872601062,0.3896769969445657,0.4889493784025351,0.0443914828055224,0.0537435941978632,0.0537435941978632,0.1379501031397478,0.0956255468066491,0.1780365561653207,0.3924911320209503,0.0,No Female
0,resnet34,r34-sam1-s44,,,44,1,0,0.8522954091816367,0.5316455696202531,0.8689137651254931,0.4900536239404947,0.48,0.9310761789600968,0.5957446808510638,0.8943089430894309,0.1056910569105691,0.4042553191489362,0.9004149377593361,0.7275985663082437,0.5384615384615383,0.525,0.9001968934587617,0.7685536294691224,0.7215568862275449,0.278443113772455,0.0968188105117565,0.2544802867383512,0.6,0.5915492957746479,0.9326186830015314,0.7740384615384616,0.0084507042253521,0.5326186830015314,0.3655877573131094,0.2000475914275941,0.1585802214630698,0.1585802214630698,0.8471454880294659,0.8583877995642701,0.5310734463276836,0.5323741007194245,0.8629692274116108,0.8755179978873813,0.5419161676646707,0.4580838323353293,0.14548802946593,0.1350762527233115,0.5949367088607594,0.5967741935483871,0.8900862068965517,0.8992443324937027,0.0018374846876276,0.4850229157573111,0.4960185260420897,0.0127228300773962,0.009158125597151,0.0104117767426184,0.1316432639896393,0.0134615384615383,0.1728163714510924,0.3576937913894653,0.0,No Female
0,resnet50,r50-sam1-s45,,,45,1,0,0.8383233532934131,0.4840764331210191,0.8449353794449799,0.42634739417303,0.4393063583815029,0.9215922798552472,0.5390070921985816,0.8873403019744484,0.1126596980255516,0.4609929078014184,0.8907330567081605,0.7025089605734767,0.4233576642335767,0.5310734463276836,0.8556114635747101,0.7643553629469122,0.7215568862275449,0.278443113772455,0.0968188105117565,0.2544802867383512,0.4142857142857143,0.6619718309859155,0.9418070444104136,0.7163461538461539,0.2476861167002012,0.3560927586961278,0.3783179848320692,0.2872588824937908,0.2476861167002012,0.2254608905642596,0.8011049723756906,0.8823529411764706,0.4255319148936171,0.5714285714285715,0.810754037538193,0.88177459982124,0.5419161676646707,0.4580838323353293,0.14548802946593,0.1350762527233115,0.5063291139240507,0.5806451612903226,0.8512931034482759,0.929471032745592,0.0743160473662719,0.3576222173723264,0.5101161940359145,0.0613030970522033,0.078177929297316,0.078177929297316,0.1174192368743277,0.1480709071949948,0.1882240961346838,0.3759282827377319,0.0,No Female
0,resnet50,r50-sam1-s43,,,43,1,0,0.8343313373253493,0.49079754601227,0.8470029077190467,0.4454246670126276,0.4324324324324324,0.9253365973072216,0.5673758865248227,0.8780487804878049,0.1219512195121951,0.4326241134751772,0.8796680497925311,0.7168458781362007,0.4387096774193548,0.5380116959064328,0.8579741850798512,0.77329360780065,0.7215568862275449,0.278443113772455,0.0968188105117565,0.2544802867383512,0.4857142857142857,0.647887323943662,0.9218989280245024,0.7403846153846154,0.1621730382293763,0.407613213738788,0.3882719393282774,0.2408572405895388,0.1815143126398869,0.1815143126398869,0.8139963167587477,0.8583877995642701,0.4766839378238341,0.5112781954887218,0.8343245307725884,0.8612984480377022,0.5419161676646707,0.4580838323353293,0.14548802946593,0.1350762527233115,0.5822784810126582,0.5483870967741935,0.853448275862069,0.906801007556675,0.0338913842384647,0.4357267568747272,0.4551881043308685,0.055260655520649,0.053352731694606,0.053352731694606,0.0880048402370521,0.0993020184870779,0.1628221716563304,0.3964500427246094,0.0,No Female
0,resnet50,r50-sam1-s42,,,42,1,0,0.8213572854291418,0.459214501510574,0.8492928394329536,0.4066029110139126,0.4,0.919950738916256,0.5390070921985816,0.867595818815331,0.132404181184669,0.4609929078014184,0.8741355463347165,0.6845878136200717,0.3973509933774835,0.5111111111111111,0.8584117260993218,0.7690276273022751,0.7215568862275449,0.278443113772455,0.0968188105117565,0.2544802867383512,0.4285714285714285,0.647887323943662,0.9218989280245024,0.6971153846153846,0.2193158953722334,0.3504703565959308,0.3450027085590466,0.2786478085634825,0.2247835434091177,0.2247835434091177,0.7863720073664825,0.8627450980392157,0.42,0.5190839694656489,0.8222119161938019,0.8779150077191842,0.5419161676646707,0.4580838323353293,0.14548802946593,0.1350762527233115,0.5316455696202531,0.5483870967741935,0.8297413793103449,0.91183879093199,0.0167415271539403,0.3613869489305981,0.4602258877061835,0.0725092983786516,0.082097411621645,0.082097411621645,0.108887380416909,0.1217329760881654,0.1895477327146447,0.3745037019252777,0.0,No Female
0,resnet50,r50-sam1-s44,,,44,1,0,0.8343313373253493,0.4779874213836478,0.8574064464048895,0.4217016334297081,0.4293785310734463,0.9212121212121211,0.5390070921985816,0.8826945412311266,0.1173054587688734,0.4609929078014184,0.8893499308437067,0.6917562724014337,0.4736842105263158,0.4819277108433735,0.8771822358346095,0.7654387865655471,0.7215568862275449,0.278443113772455,0.0968188105117565,0.2544802867383512,0.5142857142857142,0.5633802816901409,0.9295558958652372,0.7355769230769231,0.0490945674044266,0.4438416101509514,0.2989572047670639,0.2270854712294948,0.1939789727883142,0.1939789727883142,0.8139963167587477,0.8583877995642701,0.4656084656084656,0.4961240310077519,0.8301233085988651,0.8874217924758266,0.5419161676646707,0.4580838323353293,0.14548802946593,0.1350762527233115,0.5569620253164557,0.5161290322580645,0.8577586206896551,0.91183879093199,0.0408329930583911,0.4147206460061108,0.4279678231900545,0.056608769965936,0.0540801702423348,0.0540801702423348,0.1219830059102795,0.0305155653992863,0.197593658442273,0.3725416362285614,0.0,No Female
0,resnet50,r50-sam1-s46,,,46,1,0,0.8373253493013972,0.5134328358208955,0.8643997990131878,0.4844935379444979,0.4432989690721649,0.931930693069307,0.6099290780141844,0.8745644599303136,0.1254355400696863,0.3900709219858156,0.8810511756569848,0.7240143369175627,0.4487179487179487,0.5698324022346368,0.876416539050536,0.7873781148429035,0.7215568862275449,0.278443113772455,0.0968188105117565,0.2544802867383512,0.5,0.7183098591549296,0.9218989280245024,0.7259615384615384,0.2183098591549296,0.4218989280245022,0.444271397616468,0.2681479498505331,0.2183098591549296,0.1959373895629639,0.8121546961325967,0.8671023965141612,0.4848484848484848,0.5547445255474452,0.8400261894369272,0.8918095392865848,0.5419161676646707,0.4580838323353293,0.14548802946593,0.1350762527233115,0.6075949367088608,0.6129032258064516,0.8469827586206896,0.906801007556675,0.0053082890975908,0.4545776953295504,0.5197042333631265,0.055754161701513,0.0598182489359854,0.0598182489359854,0.1044314244436812,0.1211144535166881,0.1570368387394221,0.4397827982902527,0.0,No Female
0,resnet101,r101-sam1-s46,,,46,1,0,0.8592814371257484,0.5252525252525252,0.881129479987809,0.4625991548669286,0.5,0.925531914893617,0.5531914893617021,0.9094076655052264,0.0905923344947735,0.4468085106382978,0.9004149377593361,0.7526881720430108,0.4929577464788732,0.5548387096774193,0.9056880332531176,0.7913055254604551,0.7215568862275449,0.278443113772455,0.0968188105117565,0.2544802867383512,0.5,0.6056338028169014,0.9433384379785604,0.8028846153846154,0.1056338028169013,0.4433384379785605,0.4085184182015169,0.2014902065765404,0.1404538225939451,0.1576614762265947,0.8434622467771639,0.8779956427015251,0.519774011299435,0.5333333333333333,0.8825021824530772,0.8792150808482977,0.5419161676646707,0.4580838323353293,0.14548802946593,0.1350762527233115,0.5822784810126582,0.5161290322580645,0.8879310344827587,0.9345088161209067,0.0661494487545937,0.4702095154954169,0.4506378483789712,0.0541171655893787,0.0661494487545937,0.046577781638148,0.1143825077926624,0.0618809631985461,0.1477267657163253,0.3283920884132385,0.0,No Female
0,resnet101,r101-sam1-s44,,,44,1,0,0.8293413173652695,0.4895522388059701,0.8744491396281744,0.451478982874935,0.422680412371134,0.926980198019802,0.5815602836879432,0.8699186991869918,0.1300813008130081,0.4184397163120568,0.8824343015214384,0.6917562724014337,0.4720496894409938,0.5057471264367815,0.901159483701597,0.7743093174431203,0.7215568862275449,0.278443113772455,0.0968188105117565,0.2544802867383512,0.5428571428571428,0.6197183098591549,0.9188361408882084,0.7163461538461539,0.076861167002012,0.4616932837453511,0.3360644637053087,0.2433111735748598,0.2024899870420544,0.2024899870420544,0.8176795580110497,0.8431372549019608,0.4923076923076923,0.4857142857142857,0.8689436927106067,0.8832778093767775,0.5419161676646707,0.4580838323353293,0.14548802946593,0.1350762527233115,0.6075949367088608,0.5483870967741935,0.853448275862069,0.889168765743073,0.0592078399346672,0.4610432125709298,0.4375558625172666,0.0436933521106416,0.0592078399346672,0.035720489881004,0.1268501662584767,0.0336974369957877,0.1906780291200047,0.3744531273841858,0.0,No Female
0,resnet101,r101-sam1-s43,,,43,1,0,0.8692614770459082,0.5056603773584905,0.8748527606856615,0.4089752143722045,0.5403225806451613,0.9157175398633256,0.475177304964539,0.9337979094076656,0.0662020905923345,0.524822695035461,0.9156293222683264,0.7491039426523297,0.512,0.5,0.8905928680813827,0.7871072589382448,0.7215568862275449,0.278443113772455,0.0968188105117565,0.2544802867383512,0.4571428571428571,0.4929577464788732,0.9647779479326188,0.8365384615384616,0.0358148893360161,0.4219208050754759,0.3294962080173347,0.1712399054120376,0.1282394863941571,0.1576614762265947,0.856353591160221,0.8845315904139434,0.5063291139240507,0.5046728971962617,0.870362287210825,0.8828715365239295,0.5419161676646707,0.4580838323353293,0.14548802946593,0.1350762527233115,0.5063291139240507,0.4354838709677419,0.915948275862069,0.9546599496221664,0.0708452429563087,0.4222773897861196,0.3901438205899081,0.0474488137796555,0.0708452429563087,0.0387116737600973,0.1034856091431378,0.012,0.1665253796159966,0.3705207705497741,0.0,No Female
0,resnet101,r101-sam1-s45,,,45,1,0,0.8512974051896207,0.5386996904024768,0.8750586897966245,0.5066844589418538,0.478021978021978,0.9341463414634148,0.6170212765957447,0.8896631823461092,0.1103368176538908,0.3829787234042553,0.9017980636237898,0.7204301075268817,0.5234899328859061,0.5517241379310345,0.894661999562459,0.7881906825568797,0.7215568862275449,0.278443113772455,0.0968188105117565,0.2544802867383512,0.5571428571428572,0.676056338028169,0.9387442572741196,0.7355769230769231,0.1189134808853118,0.4958871144169765,0.4116332611050921,0.2599086839483038,0.2031673341971963,0.2031673341971963,0.8360957642725598,0.869281045751634,0.5388601036269429,0.5384615384615384,0.8797741161065037,0.8700739416592184,0.5419161676646707,0.4580838323353293,0.14548802946593,0.1350762527233115,0.6582278481012658,0.5645161290322581,0.8663793103448276,0.9168765743073048,0.0937117190690076,0.5246071584460934,0.4813927033395628,0.0617966032330673,0.0937117190690076,0.0504972639624771,0.1064713170055792,0.0282342050451284,0.181367956096908,0.3581176102161407,0.0,No Female
0,resnet101,r101-sam1-s42,,,42,1,0,0.8622754491017964,0.5071428571428572,0.8602317938072999,0.4245681666543108,0.5107913669064749,0.9188876013904984,0.5035460992907801,0.9210220673635308,0.0789779326364692,0.4964539007092199,0.9031811894882434,0.7562724014336918,0.4927536231884057,0.5211267605633803,0.8816014001312624,0.7754604550379198,0.7215568862275449,0.278443113772455,0.0968188105117565,0.2544802867383512,0.4857142857142857,0.5211267605633803,0.9479326186830016,0.8365384615384616,0.0354124748490945,0.4336469043972872,0.3576652221018417,0.160427727955502,0.1113941571445399,0.1576614762265947,0.856353591160221,0.869281045751634,0.5357142857142858,0.4642857142857142,0.869216499345264,0.8542699276834322,0.5419161676646707,0.4580838323353293,0.14548802946593,0.1350762527233115,0.569620253164557,0.4193548387096774,0.9051724137931034,0.9395465994962215,0.1502654144548795,0.4747926669576605,0.358901438205899,0.0549717738538017,0.1502654144548795,0.0343741857031182,0.1061409450933426,0.0714285714285715,0.1469087880545516,0.3597373068332672,0.0,No Female
0,resnet18,r18-sam1-s42,,,42,1,0,0.8483033932135728,0.5,0.8832299569196301,0.4379617960313342,0.4662576687116564,0.9225268176400476,0.5390070921985816,0.8989547038327527,0.1010452961672473,0.4609929078014184,0.8948824343015215,0.7275985663082437,0.4722222222222222,0.525,0.9126668125136732,0.7863624052004334,0.7215568862275449,0.278443113772455,0.0968188105117565,0.2544802867383512,0.4857142857142857,0.5915492957746479,0.9387442572741196,0.7740384615384616,0.1058350100603621,0.4244585429884051,0.3655877573131094,0.2166451018010381,0.1647057957356579,0.1647057957356579,0.8268876611418048,0.8736383442265795,0.4891304347826087,0.5166666666666667,0.8611959842863377,0.9098886812383196,0.5419161676646707,0.4580838323353293,0.14548802946593,0.1350762527233115,0.569620253164557,0.5,0.8706896551724138,0.9319899244332494,0.069620253164557,0.4403099083369708,0.4319899244332492,0.0670085099724358,0.069620253164557,0.0613002692608355,0.1263044073132397,0.0527777777777777,0.1672838679932777,0.3448761701583862,0.0,Equal Distribution
0,resnet18,r18-sam1-s44,,,44,1,0,0.8403193612774451,0.4936708860759494,0.8601576593273531,0.4405317913361504,0.4457142857142857,0.9238210399032648,0.5531914893617021,0.8873403019744484,0.1126596980255516,0.4468085106382978,0.8907330567081605,0.7096774193548387,0.4836601307189542,0.5030674846625767,0.8952526799387442,0.7525731310942578,0.7215568862275449,0.278443113772455,0.0968188105117565,0.2544802867383512,0.5285714285714286,0.5774647887323944,0.9295558958652372,0.7548076923076923,0.0488933601609657,0.4581273244366659,0.3322724810400865,0.2149496571929981,0.174748203557545,0.174748203557545,0.8324125230202578,0.8496732026143791,0.4916201117318435,0.4963503649635036,0.8418267132256656,0.8822214999593727,0.5419161676646707,0.4580838323353293,0.14548802946593,0.1350762527233115,0.5569620253164557,0.5483870967741935,0.8793103448275862,0.8967254408060453,0.0085749285422621,0.4362723701440418,0.4451125375802389,0.0207633698046437,0.0174150959784591,0.0174150959784591,0.1426795488444864,0.0194073539436224,0.1810556373533217,0.3546020686626434,0.0,Equal Distribution
0,resnet18,r18-sam1-s43,,,43,1,0,0.844311377245509,0.4306569343065693,0.8607424980024876,0.332493142560605,0.4436090225563909,0.905638665132336,0.4184397163120567,0.9140534262485482,0.0859465737514517,0.5815602836879432,0.8907330567081605,0.7240143369175627,0.4233576642335767,0.437956204379562,0.9013345001093852,0.7448537378114842,0.7215568862275449,0.278443113772455,0.0968188105117565,0.2544802867383512,0.4142857142857143,0.4225352112676056,0.9418070444104136,0.8269230769230769,0.0082494969818913,0.3560927586961278,0.2494582881906826,0.1438897068665506,0.1148839674873366,0.1576614762265947,0.8287292817679558,0.8627450980392157,0.4076433121019108,0.4615384615384615,0.8446093408991707,0.8795400991305761,0.5419161676646707,0.4580838323353293,0.14548802946593,0.1350762527233115,0.4050632911392405,0.4354838709677419,0.9008620689655172,0.929471032745592,0.0304205798285014,0.3059253601047578,0.3649549037133339,0.0238207007787768,0.0304205798285014,0.0286089637800747,0.1564807622979009,0.0538951494365507,0.1667187197905978,0.3400021493434906,0.0,Equal Distribution
0,resnet18,r18-sam1-s45,,,45,1,0,0.8153692614770459,0.4986449864498645,0.8666073590827092,0.4945264042306077,0.4035087719298245,0.9366925064599484,0.6524822695035462,0.8420441347270615,0.1579558652729384,0.3475177304964538,0.8644536652835408,0.6881720430107527,0.5099999999999999,0.485207100591716,0.9075038284839204,0.7485780065005417,0.7215568862275449,0.278443113772455,0.0968188105117565,0.2544802867383512,0.7285714285714285,0.5774647887323944,0.8790199081163859,0.7259615384615384,0.1511066398390341,0.6075913366878143,0.3034263271939328,0.1714481179077618,0.1530583696548474,0.1576614762265947,0.7974217311233885,0.8366013071895425,0.4907407407407407,0.5098039215686275,0.8631874727193365,0.8692207686682376,0.5419161676646707,0.4580838323353293,0.14548802946593,0.1350762527233115,0.6708860759493671,0.6290322580645161,0.8189655172413793,0.8690176322418136,0.0418538178848509,0.4898515931907465,0.4980498903063297,0.054044945172667,0.0500521150004342,0.0500521150004342,0.1589258219833785,0.0247928994082838,0.1762816222727881,0.4040788114070892,0.0,Equal Distribution
0,resnet18,r18-sam1-s46,,,46,1,0,0.8413173652694611,0.5167173252279634,0.875404650703042,0.4832085402920898,0.4521276595744681,0.9312039312039312,0.6028368794326241,0.8803716608594657,0.1196283391405342,0.3971631205673759,0.8962655601659751,0.6989247311827957,0.5508982035928144,0.4814814814814815,0.9194268212644934,0.7552816901408451,0.7215568862275449,0.278443113772455,0.0968188105117565,0.2544802867383512,0.6571428571428571,0.5492957746478874,0.9218989280245024,0.75,0.1078470824949697,0.5790417851673595,0.2992957746478875,0.1920016656999658,0.1718989280245023,0.1718989280245023,0.8250460405156538,0.8605664488017429,0.5177664974619289,0.5151515151515151,0.8697893932780445,0.882587145526936,0.5419161676646707,0.4580838323353293,0.14548802946593,0.1350762527233115,0.6455696202531646,0.5483870967741935,0.8556034482758621,0.9093198992443324,0.097182523478971,0.5011730685290265,0.457706996018526,0.0648057872627258,0.097182523478971,0.0537164509684704,0.1641451311236482,0.0694167221113328,0.1973408289831794,0.3458150327205658,0.0,Equal Distribution
0,resnet34,r34-sam1-s43,,,43,1,0,0.8313373253493014,0.4924924924924925,0.8593751287056944,0.4538018632465959,0.4270833333333333,0.9271604938271604,0.5815602836879432,0.8722415795586528,0.1277584204413472,0.4184397163120568,0.8796680497925311,0.7060931899641577,0.4971098265895954,0.4875,0.8932618683001532,0.7520314192849404,0.7215568862275449,0.278443113772455,0.0968188105117565,0.2544802867383512,0.6142857142857143,0.5492957746478874,0.9081163859111792,0.7596153846153846,0.0649899396378269,0.5224021001968935,0.308911159263272,0.1765344517318818,0.1485010012957945,0.1576614762265947,0.8213627992633518,0.8431372549019608,0.4867724867724867,0.5,0.8387712789175032,0.8836840822296255,0.5419161676646707,0.4580838323353293,0.14548802946593,0.1350762527233115,0.5822784810126582,0.5806451612903226,0.8620689655172413,0.8841309823677582,0.0016333197223356,0.4443474465298995,0.4647761436580808,0.0239290314038445,0.0220620168505168,0.0220620168505168,0.1412304490152127,0.0132275132275132,0.1735748598283734,0.3695745766162872,0.0,Equal Distribution
0,resnet34,r34-sam1-s44,,,44,1,0,0.8532934131736527,0.4535315985130111,0.8613932339931303,0.3548076210245385,0.4765625,0.908466819221968,0.4326241134751773,0.9221835075493612,0.0778164924506388,0.5673758865248226,0.9031811894882434,0.7240143369175627,0.4615384615384615,0.4460431654676258,0.8903084664187266,0.761443661971831,0.7215568862275449,0.278443113772455,0.0968188105117565,0.2544802867383512,0.4285714285714285,0.4366197183098591,0.9540581929555896,0.8221153846153846,0.0080482897384305,0.3826296215270182,0.2587351029252436,0.1607400466990883,0.131942808340205,0.1576614762265947,0.852670349907919,0.8540305010893247,0.4805194805194805,0.4173913043478261,0.860050196420777,0.8640204761517836,0.5419161676646707,0.4580838323353293,0.14548802946593,0.1350762527233115,0.4683544303797468,0.3870967741935484,0.918103448275862,0.9269521410579346,0.0812576561861984,0.386457878655609,0.3140489152514829,0.0226531373752693,0.0812576561861984,0.0104117767426184,0.1288648044468956,0.0631281761716544,0.1791668525706807,0.3252757787704468,0.0,Equal Distribution
0,resnet34,r34-sam1-s46,,,46,1,0,0.8473053892215568,0.5142857142857143,0.873930198268548,0.466454147824153,0.4655172413793103,0.927536231884058,0.574468085106383,0.89198606271777,0.1080139372822299,0.4255319148936169,0.9004149377593361,0.7096774193548387,0.5324675324675325,0.4968944099378882,0.9119886239334938,0.7590736728060672,0.7215568862275449,0.278443113772455,0.0968188105117565,0.2544802867383512,0.5857142857142857,0.5633802816901409,0.9341500765696784,0.7596153846153846,0.0223340040241448,0.5198643622839643,0.3229956663055255,0.2063980725471824,0.1745346919542938,0.1745346919542938,0.8324125230202578,0.8649237472766884,0.5185185185185185,0.5079365079365079,0.8724356176342208,0.8737303973348501,0.5419161676646707,0.4580838323353293,0.14548802946593,0.1350762527233115,0.620253164556962,0.5161290322580645,0.8685344827586207,0.9193954659949622,0.1041241322988975,0.4887876473155828,0.4355244982530268,0.0631447176783543,0.1041241322988975,0.0508609832363415,0.1529149511274266,0.0355731225296442,0.1907375184044973,0.3456258475780487,0.0,Equal Distribution
0,resnet34,r34-sam1-s42,,,42,1,0,0.8223552894211577,0.4573170731707316,0.8523158787818881,0.4018335928040131,0.4010695187165775,0.9190184049079756,0.5319148936170213,0.8699186991869918,0.1300813008130081,0.4680851063829787,0.8852005532503457,0.6594982078853047,0.4575163398692811,0.4571428571428572,0.8857580398162328,0.7327329360780066,0.7215568862275449,0.278443113772455,0.0968188105117565,0.2544802867383512,0.5,0.5633802816901409,0.9264931087289432,0.6923076923076923,0.0633802816901408,0.4264931087289434,0.255687973997833,0.2579604098811702,0.234185416421251,0.234185416421251,0.7955801104972375,0.8540305010893247,0.4422110552763819,0.4806201550387597,0.8404626800523789,0.8641829852929228,0.5419161676646707,0.4580838323353293,0.14548802946593,0.1350762527233115,0.5569620253164557,0.5,0.8362068965517241,0.9093198992443324,0.0569620253164556,0.3931689218681797,0.4093198992443325,0.0750249762274461,0.0731130026926084,0.0731130026926084,0.1530251037382262,0.0384090997623777,0.225702345365041,0.3857990205287933,0.0,Equal Distribution
0,resnet34,r34-sam1-s45,,,45,1,0,0.8333333333333334,0.4829721362229102,0.8560143656147806,0.4324017100353374,0.4285714285714285,0.9231707317073172,0.5531914893617021,0.8792102206736353,0.1207897793263647,0.4468085106382978,0.9017980636237898,0.6559139784946236,0.5590062111801243,0.4074074074074074,0.9033909429008968,0.7120801733477791,0.7215568862275449,0.278443113772455,0.0968188105117565,0.2544802867383512,0.6428571428571429,0.4647887323943662,0.9295558958652372,0.7211538461538461,0.1780684104627767,0.5724130387223803,0.1859425785482122,0.2003004208866878,0.2084020497113912,0.2084020497113912,0.8121546961325967,0.8583877995642701,0.4795918367346938,0.4881889763779527,0.8507474901789611,0.8594295929146015,0.5419161676646707,0.4580838323353293,0.14548802946593,0.1350762527233115,0.5949367088607594,0.5,0.8491379310344828,0.9143576826196472,0.0949367088607594,0.4440746398952422,0.4143576826196473,0.0738574128239386,0.0949367088607594,0.0652197515851645,0.1913107695531178,0.1515988037727169,0.2458840851291661,0.3662614822387695,0.0,Equal Distribution
0,resnet50,r50-sam1-s46,,,46,1,0,0.8612774451097804,0.5723076923076923,0.8886582482846104,0.5538834111745372,0.5054347826086957,0.941320293398533,0.6595744680851063,0.8943089430894309,0.1056910569105691,0.3404255319148936,0.9017980636237898,0.7562724014336918,0.5477707006369427,0.5952380952380952,0.9027565084226646,0.8279387865655471,0.7215568862275449,0.278443113772455,0.0968188105117565,0.2544802867383512,0.6142857142857143,0.704225352112676,0.9326186830015314,0.7740384615384616,0.0899396378269616,0.5469043972872458,0.4782638136511377,0.2273383006885884,0.1585802214630698,0.1585802214630698,0.858195211786372,0.8649237472766884,0.5792349726775956,0.5633802816901409,0.8783555216062855,0.9005444056228163,0.5419161676646707,0.4580838323353293,0.14548802946593,0.1350762527233115,0.6708860759493671,0.6451612903225806,0.8900862068965517,0.8992443324937027,0.0257247856267864,0.5609722828459187,0.5444056228162832,0.0172366061218839,0.0257247856267864,0.0104117767426184,0.0748177218571175,0.0474673946011525,0.145525662190098,0.3384476900100708,0.0,Equal Distribution
0,resnet50,r50-sam1-s43,,,43,1,0,0.8403193612774451,0.477124183006536,0.8577688816401843,0.4108779993575011,0.4424242424242424,0.918757467144564,0.5177304964539007,0.8931475029036005,0.1068524970963995,0.4822695035460993,0.8893499308437067,0.7132616487455197,0.4202898550724638,0.5238095238095238,0.8851236053380004,0.7600216684723727,0.7215568862275449,0.278443113772455,0.0968188105117565,0.2544802867383512,0.4142857142857143,0.6197183098591549,0.9402756508422664,0.7451923076923077,0.2054325955734405,0.3545613651279808,0.3649106175514625,0.2536176921132081,0.2054325955734405,0.1950833431499588,0.8213627992633518,0.8627450980392157,0.4640883977900552,0.4959999999999999,0.8408991706678306,0.8762086617372228,0.5419161676646707,0.4580838323353293,0.14548802946593,0.1350762527233115,0.5316455696202531,0.5,0.8706896551724138,0.9193954659949622,0.0316455696202531,0.402335224792667,0.4193954659949623,0.0505904019066189,0.0487058108225484,0.0487058108225484,0.1251019368656276,0.10351966873706,0.176088282098187,0.3392374515533447,0.0,Equal Distribution
0,resnet50,r50-sam1-s44,,,44,1,0,0.8512974051896207,0.5114754098360655,0.8733700710867291,0.4533076333802852,0.4756097560975609,0.9248210023866348,0.5531914893617021,0.9001161440185831,0.0998838559814169,0.4468085106382978,0.8990318118948825,0.7275985663082437,0.496551724137931,0.525,0.9076569678407352,0.7704496208017334,0.7215568862275449,0.278443113772455,0.0968188105117565,0.2544802867383512,0.5142857142857142,0.5915492957746479,0.9402756508422664,0.7740384615384616,0.0772635814889336,0.4545613651279807,0.3655877573131094,0.2152619759365844,0.1662371893038049,0.1662371893038049,0.8342541436464088,0.8714596949891068,0.5054945054945056,0.5203252032520325,0.8692710606721955,0.8812058178272527,0.5419161676646707,0.4580838323353293,0.14548802946593,0.1350762527233115,0.5822784810126582,0.5161290322580645,0.8771551724137931,0.9269521410579346,0.0661494487545937,0.4594336534264513,0.4430811733159991,0.0567893210077155,0.0661494487545937,0.0497969686441414,0.1372073470390017,0.0284482758620689,0.1714332455866387,0.3223358988761902,0.0,Equal Distribution
0,resnet50,r50-sam1-s45,,,45,1,0,0.8313373253493014,0.4985163204747774,0.8550918031976673,0.4656633800380556,0.4285714285714285,0.9292803970223326,0.5957446808510638,0.8699186991869918,0.1300813008130081,0.4042553191489362,0.8796680497925311,0.7060931899641577,0.4596273291925465,0.5340909090909092,0.8894771384817326,0.7407908992416035,0.7215568862275449,0.278443113772455,0.0968188105117565,0.2544802867383512,0.5285714285714286,0.6619718309859155,0.9173047473200612,0.7211538461538461,0.1334004024144869,0.44587617589149,0.3831256771397617,0.2504796323562218,0.1961509011662151,0.1961509011662151,0.8121546961325967,0.8540305010893247,0.5,0.4962406015037593,0.8441728502837189,0.8690988868123832,0.5419161676646707,0.4580838323353293,0.14548802946593,0.1350762527233115,0.6455696202531646,0.532258064516129,0.8405172413793104,0.9042821158690176,0.1133115557370355,0.4860868616324749,0.4365401803851467,0.0755184824083101,0.1133115557370355,0.0637648744897072,0.1486862392401291,0.0744635798983626,0.1735748598283734,0.37748584151268,0.0,Equal Distribution
0,resnet50,r50-sam1-s42,,,42,1,0,0.8393213572854291,0.5135951661631419,0.8616650604196012,0.480885659920429,0.4473684210526316,0.9310344827586208,0.6028368794326241,0.8780487804878049,0.1219512195121951,0.3971631205673759,0.8879668049792531,0.7132616487455197,0.4705882352941176,0.550561797752809,0.8923211551082914,0.7594122426868906,0.7215568862275449,0.278443113772455,0.0968188105117565,0.2544802867383512,0.5142857142857142,0.6901408450704225,0.9280245022970904,0.7211538461538461,0.1758551307847082,0.4423102165828045,0.4112946912242687,0.2687130980532132,0.2068706561432441,0.2068706561432441,0.8103130755064457,0.8736383442265795,0.4824120603015076,0.5606060606060607,0.8451549541684854,0.881368326968392,0.5419161676646707,0.4580838323353293,0.14548802946593,0.1350762527233115,0.6075949367088608,0.5967741935483871,0.8448275862068966,0.9168765743073048,0.0108207431604736,0.4524225229157572,0.5136507678556919,0.0684890285150278,0.0720489881004081,0.0720489881004081,0.1329089124214008,0.090017825311943,0.1747051562337334,0.3548389971256256,0.0,Equal Distribution
0,resnet101,r101-sam1-s43,,,43,1,0,0.8662674650698603,0.5562913907284768,0.8818131646362057,0.5063137865421208,0.5217391304347826,0.9322235434007136,0.5957446808510638,0.9105691056910568,0.0894308943089431,0.4042553191489362,0.8976486860304288,0.7849462365591398,0.5131578947368421,0.6000000000000001,0.904922336469044,0.8001760563380282,0.7215568862275449,0.278443113772455,0.0968188105117565,0.2544802867383512,0.5571428571428572,0.6338028169014085,0.9341500765696784,0.8365384615384616,0.0766599597585513,0.4912929337125356,0.4703412784398701,0.1697378009785987,0.0976116150312168,0.1576614762265947,0.85451197053407,0.8801742919389978,0.56353591160221,0.5454545454545455,0.877782627673505,0.8869748923376939,0.5419161676646707,0.4580838323353293,0.14548802946593,0.1350762527233115,0.6455696202531646,0.532258064516129,0.8900862068965517,0.9345088161209067,0.1133115557370355,0.5356558271497163,0.4667668806370357,0.05930499885651,0.1133115557370355,0.044422609224355,0.1047462801310158,0.0868421052631579,0.112702449471289,0.3188808262348175,0.0,Equal Distribution
0,resnet101,r101-sam1-s46,,,46,1,0,0.8393213572854291,0.5165165165165164,0.864836368728429,0.4868164183161587,0.4479166666666667,0.9320987654320988,0.6099290780141844,0.8768873403019745,0.1231126596980255,0.3900709219858156,0.8810511756569848,0.7311827956989247,0.4819277108433734,0.5508982035928144,0.8828046379348063,0.7873104008667389,0.7215568862275449,0.278443113772455,0.0968188105117565,0.2544802867383512,0.5714285714285714,0.647887323943662,0.9142419601837672,0.7596153846153846,0.0764587525150906,0.4856705316123386,0.4075027085590466,0.2113059385178245,0.1546265755683826,0.1576614762265947,0.8305709023941068,0.8496732026143791,0.5257731958762887,0.5035971223021583,0.8572402880838063,0.876127407166653,0.5419161676646707,0.4580838323353293,0.14548802946593,0.1350762527233115,0.6455696202531646,0.5645161290322581,0.8620689655172413,0.8942065491183879,0.0810534912209064,0.507638585770406,0.4587226781506461,0.0440303807219634,0.0810534912209064,0.0321375836011466,0.0954942370680674,0.0689704927494409,0.14986837995806,0.3518720269203186,0.0,Equal Distribution
0,resnet101,r101-sam1-s42,,,42,1,0,0.845309381237525,0.5201238390092878,0.8748857093434156,0.4819235426396817,0.4615384615384615,0.9304878048780488,0.5957446808510638,0.8861788617886179,0.113821138211382,0.4042553191489362,0.8934993084370678,0.7204301075268817,0.5095541401273884,0.5301204819277109,0.8921461387005032,0.7961132177681474,0.7215568862275449,0.278443113772455,0.0968188105117565,0.2544802867383512,0.5714285714285714,0.6197183098591549,0.9280245022970904,0.7548076923076923,0.0482897384305834,0.4994530737256617,0.374526002166847,0.2201698419072264,0.173216809989398,0.173216809989398,0.8268876611418048,0.8671023965141612,0.520408163265306,0.5196850393700787,0.8672795722391968,0.8876655561875355,0.5419161676646707,0.4580838323353293,0.14548802946593,0.1350762527233115,0.6455696202531646,0.532258064516129,0.8577586206896551,0.9193954659949622,0.1133115557370355,0.5033282409428197,0.4516535305110913,0.0738574128239386,0.1133115557370355,0.0616368453053071,0.0960329209323558,0.0205663418003224,0.173069200910186,0.3373375236988067,0.0,Equal Distribution
0,resnet101,r101-sam1-s45,,,45,1,0,0.845309381237525,0.5288753799392097,0.8657012709944728,0.4997158178268712,0.4627659574468085,0.9336609336609336,0.6170212765957447,0.8826945412311266,0.1173054587688734,0.3829787234042553,0.8838174273858921,0.7455197132616488,0.5058823529411766,0.5534591194968552,0.8862174578866768,0.7869041170097509,0.7215568862275449,0.278443113772455,0.0968188105117565,0.2544802867383512,0.6142857142857143,0.6197183098591549,0.9127105666156202,0.7884615384615384,0.0054325955734405,0.5269962809013347,0.4081798483206933,0.1770995999345617,0.1242490281540817,0.1576614762265947,0.8324125230202578,0.8605664488017429,0.5380710659898477,0.5151515151515151,0.8647697512003493,0.8678800682538392,0.5419161676646707,0.4580838323353293,0.14548802946593,0.1350762527233115,0.6708860759493671,0.5483870967741935,0.8599137931034483,0.9093198992443324,0.1224989791751736,0.5307998690528155,0.457706996018526,0.0648057872627258,0.1224989791751736,0.0494061061408842,0.0993133408769258,0.0475767665556786,0.1382977141242433,0.3590992391109466,0.0,Equal Distribution
0,resnet101,r101-sam1-s44,,,44,1,0,0.8632734530938124,0.4981684981684981,0.8762366043113319,0.4079373316529517,0.5151515151515151,0.9160919540229884,0.4822695035460992,0.9256678281068524,0.0743321718931475,0.5177304964539007,0.908713692946058,0.7455197132616488,0.4999999999999999,0.4964539007092198,0.9031940494421352,0.7768147345612134,0.7215568862275449,0.278443113772455,0.0968188105117565,0.2544802867383512,0.4714285714285714,0.4929577464788732,0.9555895865237366,0.8317307692307693,0.0215291750503018,0.427018157952308,0.3246885157096426,0.1651422537515429,0.1238588172929673,0.1576614762265947,0.8434622467771639,0.8867102396514162,0.4785276073619632,0.5272727272727272,0.867470536883457,0.888396847322662,0.5419161676646707,0.4580838323353293,0.14548802946593,0.1350762527233115,0.4936708860759494,0.4677419354838709,0.9030172413793104,0.9521410579345088,0.0259289505920784,0.3966881274552598,0.4198829934183796,0.0501209691979922,0.0491238165551983,0.0491238165551983,0.1263793148809217,0.048745119910764,0.1631939796844093,0.3241790533065796,0.0,Equal Distribution
0,resnet18,r18-sam1-s46,,,46,1,0,0.8762475049900199,0.5838926174496645,0.8953138771509295,0.5357204635876145,0.554140127388535,0.936094674556213,0.6170212765957447,0.91869918699187,0.08130081300813,0.3829787234042553,0.9114799446749654,0.7849462365591398,0.5897435897435898,0.5774647887323944,0.9343688470794138,0.7946235102925244,0.7215568862275449,0.278443113772455,0.0968188105117565,0.2544802867383512,0.6571428571428571,0.5774647887323944,0.9387442572741196,0.8557692307692307,0.0796780684104627,0.5958871144169766,0.4332340195016251,0.135531462395336,0.0829750265048887,0.1576614762265947,0.8692449355432781,0.8845315904139434,0.584795321637427,0.5826771653543306,0.8904954168485377,0.9015194604696516,0.5419161676646707,0.4580838323353293,0.14548802946593,0.1350762527233115,0.6329113924050633,0.5967741935483871,0.9094827586206896,0.929471032745592,0.0361371988566762,0.5423941510257531,0.526245226293979,0.0278168971701633,0.0361371988566762,0.0199882741249023,0.1397453367868893,0.0122788010111953,0.1265337081158256,0.3201906085014343,0.0,Reverse Upsample
0,resnet18,r18-sam1-s42,,,42,1,0,0.8473053892215568,0.4916943521594684,0.8806187757926212,0.424938839054044,0.4625,0.9204275534441804,0.524822695035461,0.9001161440185831,0.0998838559814169,0.475177304964539,0.8921161825726142,0.7311827956989247,0.4868421052631578,0.4966442953020133,0.9035003281557644,0.8043743228602384,0.7215568862275449,0.278443113772455,0.0968188105117565,0.2544802867383512,0.5285714285714286,0.5211267605633803,0.9310872894333844,0.8028846153846154,0.0074446680080483,0.459658718004813,0.3240113759479957,0.1661535715879177,0.1282026740487689,0.1576614762265947,0.8379373848987108,0.8583877995642701,0.4883720930232557,0.4961240310077519,0.8675250982103885,0.8952222312505078,0.5419161676646707,0.4580838323353293,0.14548802946593,0.1350762527233115,0.5316455696202531,0.5161290322580645,0.8900862068965517,0.91183879093199,0.0155165373621886,0.4217317765168049,0.4279678231900545,0.0253012193213688,0.0217525840354382,0.0217525840354382,0.0991260052955261,0.0098021900388555,0.1609333868736894,0.3594318032264709,0.0,Reverse Upsample
0,resnet18,r18-sam1-s45,,,45,1,0,0.8612774451097804,0.5255972696245733,0.8766155138755035,0.4589912768428597,0.506578947368421,0.9247058823529412,0.5460992907801419,0.9128919860627178,0.0871080139372821,0.4539007092198581,0.9017980636237898,0.7562724014336918,0.5534591194968553,0.4925373134328358,0.9080945088602056,0.7920503791982665,0.7215568862275449,0.278443113772455,0.0968188105117565,0.2544802867383512,0.6285714285714286,0.4647887323943662,0.9310872894333844,0.8557692307692307,0.1637826961770623,0.5596587180048129,0.3205579631635968,0.102708249676527,0.1637826961770623,0.1576614762265947,0.8434622467771639,0.8823529411764706,0.4970414201183432,0.5645161290322581,0.8588225665648188,0.8978630047940197,0.5419161676646707,0.4580838323353293,0.14548802946593,0.1350762527233115,0.5316455696202531,0.5645161290322581,0.896551724137931,0.9319899244332494,0.032870559412005,0.4281972937581841,0.4965060534655074,0.0306696036302795,0.0354382002953183,0.0354382002953183,0.1160441296619392,0.0719788155994222,0.145525662190098,0.3588418960571289,0.0,Reverse Upsample
0,resnet18,r18-sam1-s43,,,43,1,0,0.8712574850299402,0.5567010309278351,0.8911788206027956,0.4943287122840833,0.54,0.9295774647887324,0.574468085106383,0.9198606271777005,0.0801393728222996,0.4255319148936169,0.91701244813278,0.7526881720430108,0.5945945945945945,0.5174825174825174,0.925814920148764,0.7931338028169014,0.7215568862275449,0.278443113772455,0.0968188105117565,0.2544802867383512,0.6285714285714286,0.5211267605633803,0.9479326186830016,0.8317307692307693,0.1074446680080483,0.57650404725443,0.3528575297941496,0.1501806987016463,0.1162018494522322,0.1576614762265947,0.852670349907919,0.8932461873638344,0.5238095238095238,0.6016260162601627,0.8829113924050633,0.9005850329081012,0.5419161676646707,0.4580838323353293,0.14548802946593,0.1350762527233115,0.5569620253164557,0.5967741935483871,0.9030172413793104,0.9395465994962215,0.0398121682319314,0.459979266695766,0.5363207930446088,0.0310066322416013,0.0398121682319314,0.0365293581169112,0.1326811173318626,0.0841434987776452,0.1643242760897693,0.3342699408531189,0.0,Reverse Upsample
0,resnet18,r18-sam1-s44,,,44,1,0,0.8652694610778443,0.5686900958466454,0.8888312287378193,0.5348061383349396,0.5174418604651163,0.9373493975903614,0.6312056737588653,0.9036004645760743,0.0963995354239256,0.3687943262411347,0.9142461964038728,0.7383512544802867,0.617283950617284,0.5165562913907285,0.9202581492014876,0.7981446370530877,0.7215568862275449,0.278443113772455,0.0968188105117565,0.2544802867383512,0.7142857142857143,0.5492957746478874,0.9356814701378254,0.8028846153846154,0.1649899396378269,0.6499671844235397,0.3521803900325029,0.159490771724743,0.1649899396378269,0.1576614762265947,0.852670349907919,0.8801742919389978,0.5555555555555556,0.5864661654135339,0.8776462243561762,0.9010725603315186,0.5419161676646707,0.4580838323353293,0.14548802946593,0.1350762527233115,0.6329113924050633,0.6290322580645161,0.8900862068965517,0.9193954659949622,0.0038791343405472,0.5229975993016152,0.5484277240594784,0.0313195873806858,0.0293092590984105,0.0293092590984105,0.1221135121484,0.1007276592265555,0.175894941923586,0.3476825654506683,0.0,Reverse Upsample
0,resnet34,r34-sam1-s46,,,46,1,0,0.846307385229541,0.4900662251655628,0.8348036671856081,0.4237773988682136,0.4596273291925465,0.920332936979786,0.524822695035461,0.8989547038327527,0.1010452961672473,0.475177304964539,0.8741355463347165,0.7741935483870968,0.4203821656050955,0.5655172413793104,0.8719973747538832,0.7590059588299025,0.7215568862275449,0.278443113772455,0.0968188105117565,0.2544802867383512,0.4714285714285714,0.5774647887323944,0.9173047473200612,0.8413461538461539,0.1060362173038229,0.3887333187486326,0.4188109425785482,0.1449010247029253,0.1060362173038229,0.1576614762265947,0.852670349907919,0.8387799564270153,0.5294117647058825,0.4393939393939394,0.8296868179834134,0.8409441781100186,0.5419161676646707,0.4580838323353293,0.14548802946593,0.1350762527233115,0.569620253164557,0.4677419354838709,0.9008620689655172,0.8967254408060453,0.101878317680686,0.4704823221300742,0.3644673762899162,0.0150820303566484,0.101878317680686,0.0104117767426184,0.1129914159239806,0.1451350757742148,0.0999419979476197,0.4296286106109619,0.0,Reverse Upsample
0,resnet34,r34-sam1-s44,,,44,1,0,0.843313373253493,0.5015873015873016,0.8813436462632103,0.4499468702893716,0.4540229885057471,0.92512077294686,0.5602836879432624,0.8896631823461092,0.1103368176538908,0.4397163120567375,0.8865836791147994,0.7311827956989247,0.4875,0.5161290322580645,0.9109604025377378,0.7924566630552545,0.7215568862275449,0.278443113772455,0.0968188105117565,0.2544802867383512,0.5571428571428572,0.5633802816901409,0.9218989280245024,0.7884615384615384,0.0062374245472837,0.4790417851673596,0.3518418201516793,0.1765939410163744,0.1334373895629639,0.1576614762265947,0.8250460405156538,0.8649237472766884,0.4808743169398907,0.5303030303030304,0.8643059799214317,0.9010725603315186,0.5419161676646707,0.4580838323353293,0.14548802946593,0.1350762527233115,0.5569620253164557,0.5645161290322581,0.8706896551724138,0.91183879093199,0.0075541037158024,0.4276516804888695,0.476354919964248,0.0390230984966116,0.0411491357595761,0.0411491357595761,0.1185037394824832,0.0494287133631397,0.1554008834158746,0.4003128707408905,0.0,Reverse Upsample
0,resnet34,r34-sam1-s43,,,43,1,0,0.873253493013972,0.5942492012779552,0.8944572120493242,0.5678206934045025,0.5406976744186046,0.9421686746987952,0.6595744680851063,0.908246225319396,0.0917537746806039,0.3404255319148936,0.921161825726141,0.7491039426523297,0.6369426751592356,0.5512820512820512,0.9225333625027348,0.8091820151679306,0.7215568862275449,0.278443113772455,0.0968188105117565,0.2544802867383512,0.7142857142857143,0.6056338028169014,0.9433384379785604,0.7980769230769231,0.1086519114688129,0.6576241522642747,0.4037107258938244,0.1843275480004164,0.1452615149016374,0.1576614762265947,0.85451197053407,0.8954248366013072,0.572972972972973,0.625,0.885202968136185,0.9047696432924353,0.5419161676646707,0.4580838323353293,0.14548802946593,0.1350762527233115,0.6708860759493671,0.6451612903225806,0.8857758620689655,0.9345088161209067,0.0257247856267864,0.5566619380183326,0.5796701064434875,0.0514209366988047,0.0487329540519412,0.0487329540519412,0.113351347334804,0.0856606238771844,0.1720578830738113,0.3559509217739105,0.0,Reverse Upsample
0,resnet34,r34-sam1-s42,,,42,1,0,0.8612774451097804,0.5696594427244582,0.8827645571288539,0.5479526527788074,0.5054945054945055,0.9402439024390244,0.6524822695035462,0.8954703832752613,0.1045296167247387,0.3475177304964538,0.9045643153526972,0.7491039426523297,0.5766871165644173,0.5625,0.914066943775979,0.7958423618634887,0.7215568862275449,0.278443113772455,0.0968188105117565,0.2544802867383512,0.6714285714285714,0.6338028169014085,0.9295558958652372,0.7884615384615384,0.0376257545271628,0.6009844672938087,0.4222643553629468,0.1903657103764184,0.1410943574036989,0.1576614762265947,0.8471454880294659,0.8779956427015251,0.5363128491620112,0.6111111111111112,0.8661065037101703,0.9019460469651418,0.5419161676646707,0.4580838323353293,0.14548802946593,0.1350762527233115,0.6075949367088608,0.7096774193548387,0.8879310344827587,0.9042821158690176,0.1020824826459779,0.4955259711916193,0.6139595352238563,0.0055128251423343,0.1020824826459779,0.0163510813862589,0.1182245819124903,0.0747982619491,0.1554603727003674,0.3936183452606201,0.0,Reverse Upsample
0,resnet34,r34-sam1-s45,,,45,1,0,0.8562874251497006,0.5135135135135135,0.8733618339222906,0.4472533175179776,0.4903225806451612,0.923258559622196,0.5390070921985816,0.908246225319396,0.0917537746806039,0.4609929078014184,0.9017980636237898,0.7383512544802867,0.5298013245033113,0.496551724137931,0.9149857799168672,0.7606988082340196,0.7215568862275449,0.278443113772455,0.0968188105117565,0.2544802867383512,0.5714285714285714,0.5070422535211268,0.9372128637059725,0.8173076923076923,0.0643863179074446,0.5086414351345439,0.324349945828819,0.1531997798896474,0.1199051713982801,0.1576614762265947,0.848987108655617,0.8649237472766884,0.5287356321839081,0.4918032786885246,0.87685508511567,0.8682457138214025,0.5419161676646707,0.4580838323353293,0.14548802946593,0.1350762527233115,0.5822784810126582,0.4838709677419355,0.8943965517241379,0.924433249370277,0.0984075132707227,0.4766750327367961,0.4083042171122124,0.0442350052359802,0.0984075132707227,0.0300366976461391,0.1542869716828476,0.0379980458147867,0.163446809143503,0.3269563317298889,0.0,Reverse Upsample
0,resnet50,r50-sam1-s44,,,44,1,0,0.845309381237525,0.5682451253481895,0.8947290384757951,0.5886771937628192,0.4678899082568807,0.9502551020408164,0.723404255319149,0.8652729384436701,0.1347270615563298,0.276595744680851,0.8907330567081605,0.7275985663082437,0.5536723163841808,0.5824175824175825,0.9152701815795232,0.8283450704225352,0.7215568862275449,0.278443113772455,0.0968188105117565,0.2544802867383512,0.7,0.7464788732394366,0.9111791730474732,0.7211538461538461,0.0464788732394366,0.6111791730474732,0.4676327193932827,0.2498549948690492,0.190025326893627,0.190025326893627,0.8379373848987108,0.8540305010893247,0.5686274509803921,0.567741935483871,0.8908227848101266,0.8993255870642723,0.5419161676646707,0.4580838323353293,0.14548802946593,0.1350762527233115,0.7341772151898734,0.7096774193548387,0.8556034482758621,0.8765743073047859,0.0244997958350347,0.5897806634657354,0.5862517266596248,0.0275881991839092,0.0244997958350347,0.0209708590289238,0.0869251111569878,0.0287452660334016,0.1631344903999168,0.364511638879776,0.0,Reverse Upsample
0,resnet50,r50-sam1-s46,,,46,1,0,0.8652694610778443,0.5714285714285714,0.8950997108755282,0.5407368967306696,0.5172413793103449,0.9384057971014492,0.6382978723404256,0.902439024390244,0.097560975609756,0.3617021276595744,0.9017980636237898,0.7706093189964157,0.5419354838709677,0.6,0.9113760665062348,0.8273970747562297,0.7215568862275449,0.278443113772455,0.0968188105117565,0.2544802867383512,0.6,0.676056338028169,0.9341500765696784,0.8028846153846154,0.076056338028169,0.5341500765696785,0.4789409534127844,0.2014307172920477,0.131265461185063,0.1576614762265947,0.85451197053407,0.8779956427015251,0.582010582010582,0.5555555555555557,0.9044358358795286,0.8818558543918096,0.5419161676646707,0.4580838323353293,0.14548802946593,0.1350762527233115,0.6962025316455697,0.5645161290322581,0.8814655172413793,0.9269521410579346,0.1316864026133115,0.577668048886949,0.4914682700901926,0.0631447176783543,0.1316864026133115,0.0454866238165552,0.0839789917500052,0.0580645161290322,0.131188744627374,0.3189164996147156,0.0,Reverse Upsample
0,resnet50,r50-sam1-s42,,,42,1,0,0.8662674650698603,0.5705128205128205,0.8960222732926417,0.53596757852077,0.52046783625731,0.937424789410349,0.6312056737588653,0.9047619047619048,0.0952380952380952,0.3687943262411347,0.9059474412171508,0.7634408602150538,0.5526315789473684,0.5875,0.9100415663968496,0.8354550379198266,0.7215568862275449,0.278443113772455,0.0968188105117565,0.2544802867383512,0.6,0.6619718309859155,0.9387442572741196,0.7980769230769231,0.0619718309859155,0.5387442572741195,0.4600487540628386,0.2055800948854088,0.1406673341971963,0.1576614762265947,0.850828729281768,0.8845315904139434,0.547486033519553,0.6015037593984963,0.880974465298996,0.9141951734785082,0.5419161676646707,0.4580838323353293,0.14548802946593,0.1350762527233115,0.620253164556962,0.6451612903225806,0.8900862068965517,0.9219143576826196,0.0249081257656186,0.5103393714535138,0.5670756480052002,0.0294779667545348,0.0318281507860679,0.0318281507860679,0.0787401355586816,0.0540177258789432,0.142506581002097,0.3784913420677185,0.0,Reverse Upsample
0,resnet50,r50-sam1-s45,,,45,1,0,0.8582834331337326,0.4855072463768116,0.8690867455787019,0.3961993723280699,0.4962962962962963,0.9146482122260668,0.475177304964539,0.9210220673635308,0.0789779326364692,0.524822695035461,0.9045643153526972,0.7383512544802867,0.4390243902439024,0.522875816993464,0.8923649092102385,0.7823672806067173,0.7215568862275449,0.278443113772455,0.0968188105117565,0.2544802867383512,0.3857142857142857,0.5633802816901409,0.9601837672281776,0.7980769230769231,0.1776659959758551,0.3458980529424633,0.3614572047670639,0.220601139219798,0.1776659959758551,0.1621068441512545,0.8416206261510129,0.8779956427015251,0.4487179487179487,0.5333333333333333,0.860568529026626,0.8727959697732998,0.5419161676646707,0.4580838323353293,0.14548802946593,0.1350762527233115,0.4430379746835443,0.5161290322580645,0.9094827586206896,0.9345088161209067,0.0730910575745202,0.3525207333042339,0.4506378483789712,0.0154431324402075,0.0730910575745202,0.0250260575002171,0.1099976286035211,0.0943089430894309,0.1662130608724104,0.3265182971954345,0.0,Reverse Upsample
0,resnet50,r50-sam1-s43,,,43,1,0,0.8413173652694611,0.5417867435158501,0.8860305928287247,0.5365853658536586,0.4563106796116505,0.9409547738693468,0.6666666666666666,0.8699186991869918,0.1300813008130081,0.3333333333333333,0.8948824343015215,0.7025089605734767,0.5365853658536586,0.546448087431694,0.9044629183985998,0.8169014084507042,0.7215568862275449,0.278443113772455,0.0968188105117565,0.2544802867383512,0.6285714285714286,0.704225352112676,0.9234303215926492,0.7019230769230769,0.0756539235412474,0.5520017501640777,0.4061484290357529,0.2714198604976279,0.2215072446695724,0.2215072446695724,0.8268876611418048,0.8583877995642701,0.5346534653465347,0.5517241379310345,0.8793649061545177,0.890996993580889,0.5419161676646707,0.4580838323353293,0.14548802946593,0.1350762527233115,0.6835443037974683,0.6451612903225806,0.8512931034482759,0.8916876574307305,0.0383830134748877,0.5348374072457442,0.5368489477533112,0.0456914503063349,0.0403945539824546,0.0403945539824546,0.0875615099478955,0.0170706725844997,0.1923734737280448,0.3944723010063171,0.0,Reverse Upsample
0,resnet101,r101-sam1-s44,,,44,1,0,0.8542914171656687,0.5548780487804879,0.8867801747926294,0.5338918130822647,0.4866310160427807,0.9386503067484664,0.6453900709219859,0.8885017421602788,0.1114982578397212,0.3546099290780141,0.8865836791147994,0.7706093189964157,0.4938271604938271,0.6144578313253012,0.9050754758258588,0.8143959913326111,0.7215568862275449,0.278443113772455,0.0968188105117565,0.2544802867383512,0.5714285714285714,0.7183098591549296,0.9203675344563552,0.7884615384615384,0.1468812877263582,0.4917961058849267,0.5067713976164681,0.2132542125849581,0.1468812877263582,0.1576614762265947,0.8342541436464088,0.8779956427015251,0.5408163265306123,0.5757575757575757,0.8779735923177652,0.8976598683675957,0.5419161676646707,0.4580838323353293,0.14548802946593,0.1350762527233115,0.6708860759493671,0.6129032258064516,0.8620689655172413,0.9193954659949622,0.0579828501429154,0.5329550414666084,0.5322986918014139,0.0629641666365748,0.0579828501429154,0.0573265004777209,0.0906794844932475,0.120630670831474,0.1159743601183836,0.3795501589775085,0.0,Reverse Upsample
0,resnet101,r101-sam1-s43,,,43,1,0,0.8602794411177644,0.5679012345679012,0.895626889399593,0.546791212592977,0.5027322404371585,0.9401709401709402,0.6524822695035462,0.8943089430894309,0.1056910569105691,0.3475177304964538,0.8907330567081605,0.7813620071684588,0.5212121212121212,0.6163522012578616,0.9101947057536643,0.8454767063921993,0.7215568862275449,0.278443113772455,0.0968188105117565,0.2544802867383512,0.6142857142857143,0.6901408450704225,0.9203675344563552,0.8125,0.0758551307847081,0.5346532487420697,0.5026408450704225,0.1840152292568301,0.1078675344563553,0.1576614762265947,0.850828729281768,0.8714596949891068,0.5668449197860963,0.5693430656934307,0.8965790048013967,0.894409685544812,0.5419161676646707,0.4580838323353293,0.14548802946593,0.1350762527233115,0.6708860759493671,0.6290322580645161,0.8814655172413793,0.9093198992443324,0.0418538178848509,0.5523515931907466,0.5383521573088488,0.0354963348138518,0.0418538178848509,0.0278543820029532,0.0647179993614651,0.0951400800457403,0.1093710495397016,0.3551631569862366,0.0,Reverse Upsample
0,resnet101,r101-sam1-s46,,,46,1,0,0.8602794411177644,0.5302013422818792,0.8738395894597244,0.4696913534484888,0.5031847133757962,0.9266272189349112,0.5602836879432624,0.9094076655052264,0.0905923344947735,0.4397163120567375,0.8962655601659751,0.7670250896057348,0.4966442953020135,0.5637583892617449,0.894290089695909,0.802546045503792,0.7215568862275449,0.278443113772455,0.0968188105117565,0.2544802867383512,0.5285714285714286,0.5915492957746479,0.9356814701378254,0.8269230769230769,0.0629778672032193,0.464252898709254,0.4184723726977246,0.1703029491812787,0.1087583932147485,0.1576614762265947,0.858195211786372,0.8627450980392157,0.5549132947976879,0.4959999999999999,0.874181580096028,0.875517997887381,0.5419161676646707,0.4580838323353293,0.14548802946593,0.1350762527233115,0.6075949367088608,0.5,0.9008620689655172,0.9193954659949622,0.1075949367088607,0.508457005674378,0.4193954659949623,0.0358574368974108,0.1075949367088607,0.018533397029445,0.0917440441921169,0.0677583892617449,0.1292404705602403,0.3245101869106293,0.0,Reverse Upsample
0,resnet101,r101-sam1-s45,,,45,1,0,0.8862275449101796,0.62,0.9081144306883796,0.5829194158202979,0.5849056603773585,0.9430604982206404,0.6595744680851063,0.9233449477351916,0.0766550522648084,0.3404255319148936,0.9128630705394192,0.8172043010752689,0.5771812080536913,0.662251655629139,0.920192518048567,0.8631500541711808,0.7215568862275449,0.278443113772455,0.0968188105117565,0.2544802867383512,0.6142857142857143,0.704225352112676,0.9448698315467076,0.8557692307692307,0.0899396378269616,0.5591555458324218,0.5599945828819068,0.1774714079626407,0.0899396378269616,0.1576614762265947,0.8710865561694291,0.9041394335511984,0.5930232558139535,0.65625,0.8990069838498471,0.9165921833103112,0.5419161676646707,0.4580838323353293,0.14548802946593,0.1350762527233115,0.6455696202531646,0.6774193548387096,0.9094827586206896,0.9395465994962215,0.031849734585545,0.5550523788738542,0.6169659543349313,0.0274798685588416,0.031849734585545,0.030063840875532,0.0570424638773862,0.0850704475754476,0.0956587694641502,0.3178645372390747,0.0,Reverse Upsample
0,resnet101,r101-sam1-s42,,,42,1,0,0.8802395209580839,0.5945945945945946,0.8845067174075996,0.5462969827266662,0.567741935483871,0.9374262101534828,0.624113475177305,0.9221835075493612,0.0778164924506388,0.375886524822695,0.9156293222683264,0.7885304659498208,0.5960264900662252,0.593103448275862,0.9165171734850142,0.807015167930661,0.7215568862275449,0.278443113772455,0.0968188105117565,0.2544802867383512,0.6428571428571429,0.6056338028169014,0.9448698315467076,0.8509615384615384,0.0372233400402415,0.5877269744038505,0.4565953412784398,0.1531997798896474,0.093908293085169,0.1576614762265947,0.8784530386740331,0.8823529411764706,0.6250000000000001,0.5499999999999999,0.8986523352247926,0.8694645323799464,0.5419161676646707,0.4580838323353293,0.14548802946593,0.1350762527233115,0.6962025316455697,0.532258064516129,0.9094827586206896,0.9370277078085644,0.1639444671294406,0.6056852902662593,0.4692857723246932,0.0522755449632277,0.1639444671294406,0.0275449491878746,0.1095020055543531,0.0750000000000001,0.1270988563185056,0.3459972739219665,0.0,Reverse Upsample
