val/accuracy,val/f1,val/auc,val/youden,val/PPV,val/NPV,val/TPR,val/TNR,val/FPR,val/FNR,val/age_accuracy_group_0,val/age_accuracy_group_1,val/age_f1_group_0,val/age_f1_group_1,val/age_auc_group_0,val/age_auc_group_1,val/age_prevalence_group_0,val/age_prevalence_group_1,val/age_disease_prevalence_group_0,val/age_disease_prevalence_group_1,val/age_tpr_group_0,val/age_tpr_group_1,val/age_tnr_group_0,val/age_tnr_group_1,val/age_tpr_diff,val/age_youden_group_0,val/age_youden_group_1,val/age_dp,val/age_eq_odds,val/age_eq_opportunity,val/sex_accuracy_group_0,val/sex_accuracy_group_1,val/sex_f1_group_0,val/sex_f1_group_1,val/sex_auc_group_0,val/sex_auc_group_1,val/sex_prevalence_group_0,val/sex_prevalence_group_1,val/sex_disease_prevalence_group_0,val/sex_disease_prevalence_group_1,val/sex_tpr_group_0,val/sex_tpr_group_1,val/sex_tnr_group_0,val/sex_tnr_group_1,val/sex_tpr_diff,val/sex_youden_group_0,val/sex_youden_group_1,val/sex_dp,val/sex_eq_odds,val/sex_eq_opportunity,val/race_accuracy_group_0,val/race_accuracy_group_1,val/race_f1_group_0,val/race_f1_group_1,val/race_auc_group_0,val/race_auc_group_1,val/race_prevalence_group_0,val/race_prevalence_group_1,val/race_disease_prevalence_group_0,val/race_disease_prevalence_group_1,val/race_tpr_group_0,val/race_tpr_group_1,val/race_tnr_group_0,val/race_tnr_group_1,val/race_tpr_diff,val/race_youden_group_0,val/race_youden_group_1,val/race_dp,val/race_eq_odds,val/race_eq_opportunity,val/auc_gap,val/f1_gap,val/accuracy_gap,val/loss,epoch,step,train/accuracy,train/f1,train/auc,train/youden,train/PPV,train/NPV,train/TPR,train/TNR,train/FPR,train/FNR,train/age_accuracy_group_0,train/age_accuracy_group_1,train/age_f1_group_0,train/age_f1_group_1,train/age_auc_group_0,train/age_auc_group_1,train/age_prevalence_group_0,train/age_prevalence_group_1,train/age_disease_prevalence_group_0,train/age_disease_prevalence_group_1,train/age_tpr_group_0,train/age_tpr_group_1,train/age_tnr_group_0,train/age_tnr_group_1,train/age_tpr_diff,train/age_youden_group_0,train/age_youden_group_1,train/age_dp,train/age_eq_odds,train/age_eq_opportunity,train/sex_accuracy_group_0,train/sex_accuracy_group_1,train/sex_f1_group_0,train/sex_f1_group_1,train/sex_auc_group_0,train/sex_auc_group_1,train/sex_prevalence_group_0,train/sex_prevalence_group_1,train/sex_disease_prevalence_group_0,train/sex_disease_prevalence_group_1,train/sex_tpr_group_0,train/sex_tpr_group_1,train/sex_tnr_group_0,train/sex_tnr_group_1,train/sex_tpr_diff,train/sex_youden_group_0,train/sex_youden_group_1,train/sex_dp,train/sex_eq_odds,train/sex_eq_opportunity,train/race_accuracy_group_0,train/race_accuracy_group_1,train/race_f1_group_0,train/race_f1_group_1,train/race_auc_group_0,train/race_auc_group_1,train/race_prevalence_group_0,train/race_prevalence_group_1,train/race_disease_prevalence_group_0,train/race_disease_prevalence_group_1,train/race_tpr_group_0,train/race_tpr_group_1,train/race_tnr_group_0,train/race_tnr_group_1,train/race_tpr_diff,train/race_youden_group_0,train/race_youden_group_1,train/race_dp,train/race_eq_odds,train/race_eq_opportunity,train/auc_gap,train/f1_gap,train/accuracy_gap,train/loss
0.8854777216911316,0.9371193051338196,0.8311627317703945,0.3077528110348615,0.9408319592475891,0.34537816047668457,0.93343585729599,0.374316930770874,0.625683069229126,0.06656412780284882,0.8454041481018066,0.9131870865821838,0.9104394912719727,0.9539948105812073,0.8373631430730133,0.8046822560208544,0.4087961877978283,0.5912038122021717,0.879036881330021,0.9385570824524313,0.8939130306243896,0.9590314030647278,0.49289098381996155,0.21290323138237,0.06511835008859634,0.3868040387389242,0.17193462099158463,0.10134320980571743,0.27998778223991394,0.27998778223991394,0.8803617358207703,0.8933017253875732,0.9338098764419556,0.9420849680900574,0.8307556060301481,0.8409461342894511,0.6046402624794938,0.39535973752050624,0.9213178294573643,0.9033787788974511,0.9160005450248718,0.960629940032959,0.46305418014526367,0.2638036906719208,0.04462936148047447,0.3790547481232638,0.2244336022414375,0.05276916196051584,0.1992505043745041,0.1992505043745041,0.8857057094573975,0.8846568465232849,0.9372705817222595,0.9365738034248352,0.8309026729124735,0.8372108584279077,0.7825951097570503,0.21740489024294976,0.9177480535036934,0.9015450952209846,0.930389404296875,0.944599449634552,0.38713592290878296,0.33576643466949463,0.014210057444870472,0.31752530671121515,0.2803658653664327,0.012723737588546169,0.051369499415159225,0.051369499415159225,0.03626387826859667,0.04355531930923462,0.0677829384803772,0.28933921456336975,0,1190,,,,,,,,,,,,,,,,,,,,,,,,,,,,,,,,,,,,,,,,,,,,,,,,,,,,,,,,,,,,,,,,,,,,,,,,,,
,,,,,,,,,,,,,,,,,,,,,,,,,,,,,,,,,,,,,,,,,,,,,,,,,,,,,,,,,,,,,,,,,,,,,,,,,,0,1190,0.9121711254119873,0.9537926316261292,0.797930152764746,0.05796892486327665,0.919114887714386,0.4146806597709656,0.9911896586418152,0.0667792484164238,0.9332207441329956,0.008810319937765598,0.8693118095397949,0.9402968883514404,0.9291358590126038,0.9691912531852722,0.8046986822211859,0.7584940944042388,0.3962207204251689,0.603779279574831,0.8710670994237266,0.9430353611093,0.9835747480392456,0.9958055019378662,0.0973542258143425,0.02136589027941227,0.012230715714395046,0.08092899455319724,0.017171376016166695,0.021686964889082172,0.07598833739757538,0.07598833739757538,0.9132066369056702,0.9106960892677307,0.9543639421463013,0.9529776573181152,0.7958234472404919,0.8012010107065888,0.587533626402467,0.41246637359753296,0.9161101556741786,0.9122550267243573,0.990638017654419,0.9919788241386414,0.06762513518333435,0.06562726944684982,0.0013407679507508874,0.05826316125501663,0.05760606225680265,0.0011738131216217917,0.001997866900637746,0.003855128949821318,0.9146831631660461,0.903400719165802,0.9551775455474854,0.9489265084266663,0.7968013965710576,0.8015589646595612,0.7773505675480612,0.22264943245193886,0.9171140146527567,0.90546354688513,0.9912199974060059,0.991082489490509,0.06782077252864838,0.06359102576971054,0.00013752617815043777,0.05904077098567906,0.054673493315464894,0.0004125118419857632,0.004229751415550709,0.011650467767626682,0.04620458781694714,0.040055420249700546,0.0709851011633873,0.2443731278181076
0.9047581553459167,0.9481462240219116,0.8423913985016229,0.3492296488364668,0.943969190120697,0.43845370411872864,0.9523603916168213,0.3968692421913147,0.6031307578086853,0.047639597207307816,0.870663046836853,0.9283900856971741,0.9253365993499756,0.9624912738800049,0.8595614837391258,0.8097544483985766,0.4093742602383019,0.5906257397616981,0.8793369313801079,0.9385437541750167,0.9114423394203186,0.9789323806762695,0.5734824538230896,0.156521737575531,0.06749003380537033,0.4849247779615744,0.13545412347207186,0.1176780443436346,0.4169606864452362,0.4169606864452362,0.9060578346252441,0.9027832746505737,0.9490563273429871,0.9467494487762451,0.8347636128400291,0.8525281511673144,0.6030931902469818,0.39690680975301823,0.9212351171006149,0.9037773359840954,0.9498651027679443,0.9562252759933472,0.3936876952648163,0.40082645416259766,0.0063601769506931305,0.3435527836247212,0.3570516992506354,0.0009363939352242667,0.0071387384086847305,0.017457781116519522,0.9058823585510254,0.9006597995758057,0.9488915801048279,0.9453959465026855,0.8433513114717168,0.8385507452329731,0.784739209342697,0.21526079065730291,0.9178481649069884,0.9013929618768328,0.9519062042236328,0.954046368598938,0.3916768729686737,0.41263940930366516,0.0021401375997811556,0.34358308919681146,0.3666857655135298,0.005791678277446866,0.020962538197636604,0.020962538197636604,0.0498070353405492,0.037154655903577805,0.05772704631090164,0.24406827986240387,1,2381,,,,,,,,,,,,,,,,,,,,,,,,,,,,,,,,,,,,,,,,,,,,,,,,,,,,,,,,,,,,,,,,,,,,,,,,,,
,,,,,,,,,,,,,,,,,,,,,,,,,,,,,,,,,,,,,,,,,,,,,,,,,,,,,,,,,,,,,,,,,,,,,,,,,,1,2381,0.9150843024253845,0.955326497554779,0.8214075242805993,0.07632355814343539,0.9205694794654846,0.520574152469635,0.9928111433982849,0.08351243287324905,0.9164875745773315,0.007188876625150442,0.8733854293823242,0.9424485564231873,0.9312273859977722,0.970334529876709,0.8272446844384185,0.7855019631094923,0.3962207204251689,0.603779279574831,0.8710670994237266,0.9430353611093,0.9841070771217346,0.9980871081352234,0.12535320222377777,0.02136589027941227,0.013980048708617687,0.10946026622009097,0.01945300772854286,0.026984944735899963,0.10398730635643005,0.10398730635643005,0.9162218570709229,0.9134640097618103,0.9559653997421265,0.954414427280426,0.819212879680035,0.8245546584209389,0.587533626402467,0.41246637359753296,0.9161101556741786,0.9122550267243573,0.9926615953445435,0.9930250644683838,0.08146964758634567,0.08629441261291504,0.00036346077104099095,0.07413122790744975,0.07931945634967419,0.00037756564793289815,0.00482476782053709,0.00482476782053709,0.9173166155815125,0.9072906374931335,0.9565718770027161,0.9509464502334595,0.8217056385428059,0.8200572739861601,0.7773505675480612,0.22264943245193886,0.9171140146527567,0.90546354688513,0.9929134249687195,0.9924494028091431,0.08085539937019348,0.09164588898420334,0.00046402341104112566,0.07376881196240026,0.08409527668169292,0.0022996919326160326,0.010790487751364708,0.011650467767626682,0.0417427213289262,0.03910712152719498,0.06906310468912125,0.23331418633460999
0.8462084531784058,0.9112355709075928,0.8501777171056468,0.5263648010940056,0.9647058844566345,0.3126356899738312,0.8633813858032227,0.6629834175109863,0.33701658248901367,0.13661862909793854,0.7881649732589722,0.8864395618438721,0.8669008016586304,0.9379562139511108,0.8683372715010652,0.8149110320284698,0.4093742602383019,0.5906257397616981,0.8793369313801079,0.9385437541750167,0.7845243215560913,0.9145907759666443,0.8146964907646179,0.45652174949645996,0.1300664097070694,0.5992208170565849,0.3711124864613957,0.17956305826765329,0.35817474126815796,0.35817474126815796,0.8398534655570984,0.8558648228645325,0.9077618718147278,0.9165419340133667,0.8428346358608643,0.8610034977620866,0.6030931902469818,0.39690680975301823,0.9212351171006149,0.9037773359840954,0.8554182648658752,0.875714898109436,0.6578072905540466,0.6694214940071106,0.020296650007367134,0.5132255734211719,0.5451364018136005,0.008266325116161544,0.020296650007367134,0.017457781116519522,0.8474610447883606,0.8416422009468079,0.91230708360672,0.9072563052177429,0.8497161812363696,0.8509367757619004,0.784739209342697,0.21526079065730291,0.9178481649069884,0.9013929618768328,0.8644829392433167,0.8592923879623413,0.6572827696800232,0.6802973747253418,0.0051905144937336445,0.5217656514663747,0.5395897930521518,0.015533859983575371,0.023014655336737633,0.023014655336737633,0.053426239472595394,0.07105538994073868,0.09827455133199692,0.33687594532966614,2,3572,,,,,,,,,,,,,,,,,,,,,,,,,,,,,,,,,,,,,,,,,,,,,,,,,,,,,,,,,,,,,,,,,,,,,,,,,,
,,,,,,,,,,,,,,,,,,,,,,,,,,,,,,,,,,,,,,,,,,,,,,,,,,,,,,,,,,,,,,,,,,,,,,,,,,2,3572,0.9156879186630249,0.9556201696395874,0.8262424146112379,0.0856119345756925,0.921312689781189,0.5396260023117065,0.9925815463066101,0.09303039312362671,0.9069696068763733,0.007418461609631777,0.8751407861709595,0.9422963857650757,0.9320916533470154,0.9702544212341309,0.8338565739653365,0.7888275675775964,0.3962207204251689,0.603779279574831,0.8710670994237266,0.9430353611093,0.9837268590927124,0.9979488253593445,0.14153608679771423,0.020984357222914696,0.014221982099115849,0.12526294491092482,0.0189331932529635,0.0292939739505228,0.12055173516273499,0.12055173516273499,0.9168695211410522,0.9140048623085022,0.9563043117523193,0.9546422958374023,0.8225280425428423,0.8314264354419411,0.587533626402467,0.41246637359753296,0.9161101556741786,0.9122550267243573,0.9929785132408142,0.992013692855835,0.08572950214147568,0.10297317057847977,0.0009648501873016357,0.07870802056852555,0.09498683988440892,0.002696664314122743,0.01724367029964924,0.01724367029964924,0.9178905487060547,0.9079979062080383,0.9568518996238708,0.9512872695922852,0.8261479323298688,0.8260912598410243,0.7773505675480612,0.22264943245193886,0.9171140146527567,0.90546354688513,0.9927109479904175,0.9921239614486694,0.09002036601305008,0.10224439203739166,0.0005870067980140448,0.0827313075500371,0.09436832315488042,0.0026509874359195162,0.012224022299051285,0.012224022299051285,0.0450290063877401,0.03816278278827667,0.06715565174818039,0.23085781931877136
0.8930797576904297,0.9409560561180115,0.8564572985442345,0.41156231637634155,0.9502728581428528,0.39740654826164246,0.9318201541900635,0.479742169380188,0.520257830619812,0.06817985326051712,0.8565921187400818,0.9183700680732727,0.9153776168823242,0.9568411111831665,0.8724649941942957,0.8240804579916446,0.4093742602383019,0.5906257397616981,0.8793369313801079,0.9385437541750167,0.8820692896842957,0.9641281366348267,0.6709265112876892,0.21956521272659302,0.082058846950531,0.5529957854368566,0.18369333127030796,0.1374959118957525,0.4513612985610962,0.4513612985610962,0.8953290581703186,0.8896620273590088,0.9424874186515808,0.9385994076728821,0.8505383277160211,0.8636043220268114,0.6030931902469818,0.39690680975301823,0.9212351171006149,0.9037773359840954,0.9309757351875305,0.9331279993057251,0.47840532660484314,0.48140496015548706,0.0021523109171539545,0.40938102929165243,0.41453298331472954,0.0054903081836080725,0.0029996430967003107,0.017457781116519522,0.8944193124771118,0.8881964683532715,0.9419440627098083,0.9372814893722534,0.8550438507096676,0.8605418831664579,0.784739209342697,0.21526079065730291,0.9178481649069884,0.9013929618768328,0.9331726431846619,0.9267995357513428,0.46144431829452515,0.535315990447998,0.006373143754899502,0.3946169640108259,0.4621154971268582,0.019522476258719168,0.0738716796040535,0.0738716796040535,0.04838453620265104,0.04146352410316467,0.06177793815732002,0.25614070892333984,3,4763,,,,,,,,,,,,,,,,,,,,,,,,,,,,,,,,,,,,,,,,,,,,,,,,,,,,,,,,,,,,,,,,,,,,,,,,,,
,,,,,,,,,,,,,,,,,,,,,,,,,,,,,,,,,,,,,,,,,,,,,,,,,,,,,,,,,,,,,,,,,,,,,,,,,,3,4763,0.9148480892181396,0.9552016258239746,0.8317293895351121,0.07495194355176005,0.9204608798027039,0.5119388699531555,0.9926676154136658,0.08228430896997452,0.9177156686782837,0.007332367356866598,0.8731867074966431,0.9421877264976501,0.9310922026634216,0.9702067375183105,0.8369573908602393,0.7976931803763089,0.3962207204251689,0.603779279574831,0.8710670994237266,0.9430353611093,0.9835747480392456,0.9981793165206909,0.12740816175937653,0.015261350199580193,0.014604534953832626,0.11098293752776711,0.013440654616624581,0.02814824498014412,0.11214681714773178,0.11214681714773178,0.9161325097084045,0.9130185842514038,0.9559381008148193,0.954149067401886,0.8277545177701456,0.8371824275217451,0.587533626402467,0.41246637359753296,0.9161101556741786,0.9122550267243573,0.9930760264396667,0.9920834302902222,0.07587859779596329,0.09100797772407532,0.0009926211787387729,0.06895463589047202,0.08309139731511084,0.0024988798873935014,0.015129382722079754,0.015129382722079754,0.9171984195709229,0.9066423177719116,0.9565186500549316,0.9505648612976074,0.8319000025791894,0.8307228576349271,0.7773505675480612,0.22264943245193886,0.9171140146527567,0.90546354688513,0.9930606484413147,0.9912777543067932,0.07780040800571442,0.09600997716188431,0.001782923354767263,0.07086107586385593,0.08728772029439513,0.004161404681202963,0.018209567293524742,0.018209567293524742,0.039489247145436224,0.039114564657211304,0.06900101155042648,0.228978231549263
0.914858341217041,0.9544860124588013,0.8526093969856674,0.23426600045996793,0.9334983229637146,0.5063291192054749,0.9764391183853149,0.25782689452171326,0.7421731352806091,0.023560887202620506,0.8849267363548279,0.9356045126914978,0.9357719421386719,0.966555655002594,0.866495763726744,0.8234336995203466,0.4093742602383019,0.5906257397616981,0.8793369313801079,0.9385437541750167,0.953309953212738,0.9914590716362,0.3865814805030823,0.08260869234800339,0.03814912214875221,0.33989142142409934,0.07406777038527013,0.07460953775966228,0.3039727807044983,0.3039727807044983,0.9197958707809448,0.9073558449745178,0.957153856754303,0.9504255056381226,0.8493272201122896,0.8580252187919268,0.6030931902469818,0.39690680975301823,0.9212351171006149,0.9037773359840954,0.9724470973014832,0.9826220870018005,0.30398669838905334,0.20041322708129883,0.010174989700317383,0.2764338065464689,0.18303530849025385,0.014336121176903083,0.10357348620891571,0.10357348620891571,0.9171442985534668,0.9065249562263489,0.9558461308479309,0.9494549036026001,0.8540555268897025,0.8479434472561911,0.784739209342697,0.21526079065730291,0.9178481649069884,0.9013929618768328,0.9771034121513367,0.9739731550216675,0.24724602699279785,0.2899628281593323,0.0031302582938224077,0.2243494400861621,0.2639359850998759,0.010725485772924093,0.04271680489182472,0.04271680489182472,0.043062064206397355,0.030783727765083313,0.05067778751254082,0.24844984710216522,4,5954,,,,,,,,,,,,,,,,,,,,,,,,,,,,,,,,,,,,,,,,,,,,,,,,,,,,,,,,,,,,,,,,,,,,,,,,,,
,,,,,,,,,,,,,,,,,,,,,,,,,,,,,,,,,,,,,,,,,,,,,,,,,,,,,,,,,,,,,,,,,,,,,,,,,,4,5954,0.9159897565841675,0.9557548761367798,0.8332149980518194,0.09303945179084683,0.9219098091125488,0.5465890169143677,0.9921797513961792,0.10085968673229218,0.8991402983665466,0.007820234633982182,0.8754719495773315,0.9425789713859558,0.9321764707565308,0.9703997373580933,0.8389809910056172,0.7993104518005201,0.3962207204251689,0.603779279574831,0.8710670994237266,0.9430353611093,0.9824341535568237,0.9980871081352234,0.15283842384815216,0.02365509420633316,0.015652988106012344,0.13527255592752296,0.02174221032297252,0.03185553471164293,0.1291833370923996,0.1291833370923996,0.9173609018325806,0.9140366315841675,0.9565268754959106,0.9546522498130798,0.8303035043808817,0.8373015809791073,0.587533626402467,0.41246637359753296,0.9161101556741786,0.9122550267243573,0.9923933744430542,0.9918741583824158,0.09797657281160355,0.10478607565164566,0.0005192261305637658,0.09036996867944547,0.09666024859080768,0.0014195544610808852,0.006809506099671125,0.006809506099671125,0.9182619452476501,0.9080567955970764,0.9570341110229492,0.9512500166893005,0.83197827422841,0.8363045512236463,0.7773505675480612,0.22264943245193886,0.9171140146527567,0.90546354688513,0.9926005005836487,0.9906919002532959,0.09572301059961319,0.11658354103565216,0.0019085785606876016,0.08832351491926094,0.10727546329775373,0.004729238755029286,0.020860526710748672,0.020860526710748672,0.03967053920509711,0.0382232628762722,0.06710699945688248,0.2274957001209259
0.9031800031661987,0.9471598863601685,0.853310156918411,0.3625246970592082,0.945246696472168,0.432146281003952,0.9490808844566345,0.41344383358955383,0.5865561962127686,0.05091913416981697,0.8639167547225952,0.9303941130638123,0.920940637588501,0.9635434746742249,0.8663042245077757,0.8248593532415287,0.4093742602383019,0.5906257397616981,0.8793369313801079,0.9385437541750167,0.9013590812683105,0.9800711870193481,0.5910543203353882,0.1717391312122345,0.07871212065219879,0.4924133661459509,0.15181030481200697,0.1287985377076435,0.4193151891231537,0.4193151891231537,0.9039644002914429,0.9019880890846252,0.9477580189704895,0.9462435841560364,0.8456596885541308,0.8638108881479678,0.6030931902469818,0.39690680975301823,0.9212351171006149,0.9037773359840954,0.9456043243408203,0.9544654488563538,0.4169435203075409,0.40909090638160706,0.008861146867275238,0.36254783916321154,0.36355637323521184,0.0024348219202383614,0.008861146867275238,0.017457781116519522,0.9056812524795532,0.8940615653991699,0.9487599730491638,0.9412004351615906,0.8530486313515276,0.8537819496243977,0.784739209342697,0.21526079065730291,0.9178481649069884,0.9013929618768328,0.951358437538147,0.9406262636184692,0.39534884691238403,0.4684014916419983,0.010732186958193779,0.3467072947027292,0.40902775783065315,0.022582561861499317,0.07305265218019485,0.07305265218019485,0.04144487126624696,0.042602840811014175,0.06647738814353943,0.2507414221763611,5,7145,,,,,,,,,,,,,,,,,,,,,,,,,,,,,,,,,,,,,,,,,,,,,,,,,,,,,,,,,,,,,,,,,,,,,,,,,,
,,,,,,,,,,,,,,,,,,,,,,,,,,,,,,,,,,,,,,,,,,,,,,,,,,,,,,,,,,,,,,,,,,,,,,,,,,5,7145,0.9164096713066101,0.9559596180915833,0.8365266130453741,0.09948277890242352,0.922427237033844,0.5573248267173767,0.992021918296814,0.1074608564376831,0.8925391435623169,0.007978074252605438,0.8765980005264282,0.9425354599952698,0.9327217936515808,0.9703779816627502,0.8448154495243486,0.7991323030544069,0.3962207204251689,0.603779279574831,0.8710670994237266,0.9430353611093,0.9820159077644348,0.9980871081352234,0.16439764201641083,0.022892026230692863,0.016071224585175514,0.1464135297157989,0.02097914279149604,0.03375367569188659,0.14150561392307281,0.14150561392307281,0.9176289439201355,0.9146729707717896,0.9566739797592163,0.9549379944801331,0.8307999056107103,0.8442372024027649,0.587533626402467,0.41246637359753296,0.9161101556741786,0.9122550267243573,0.9926859736442566,0.9910720586776733,0.09797657281160355,0.1203770861029625,0.0016139080980792642,0.09066253030023685,0.11144913617979468,0.0037873440671283287,0.022400513291358948,0.022400513291358948,0.918515145778656,0.9090587496757507,0.957144021987915,0.9517918229103088,0.8365166784329685,0.8360683106397906,0.7773505675480612,0.22264943245193886,0.9171140146527567,0.90546354688513,0.9921771287918091,0.9914730191230774,0.1034623235464096,0.11970074474811554,0.0007041266071610153,0.09563946801520284,0.11117376772220333,0.003286928765761976,0.01623842678964138,0.01623842678964138,0.04568314646994176,0.03765618056058884,0.06593748182058334,0.22587381303310394
0.8810068368911743,0.9333863258361816,0.8525478480439674,0.46428389216911503,0.9560220837593079,0.3699136972427368,0.9117977023124695,0.5524861812591553,0.4475138187408447,0.08820229768753052,0.8348110914230347,0.9130260348320007,0.9003604054450989,0.953622579574585,0.8665635202877501,0.8238923100727217,0.4093742602383019,0.5906257397616981,0.8793369313801079,0.9385437541750167,0.8487505316734314,0.9527401924133301,0.7332268357276917,0.3065217435359955,0.10398966819047928,0.5819773850659637,0.25926195265356644,0.15827957637196777,0.42670509219169617,0.42670509219169617,0.8839461207389832,0.8765407800674438,0.9354204535484314,0.9302482604980469,0.84695112773263,0.8595566259321608,0.6030931902469818,0.39690680975301823,0.9212351171006149,0.9037773359840954,0.9123703837394714,0.9109106659889221,0.5514950156211853,0.5537189841270447,0.001459711231291294,0.46386541854283947,0.4646296989815768,0.009631313258744001,0.0022239915560930967,0.017457781116519522,0.8834590315818787,0.8720674514770508,0.9350227117538452,0.9273068308830261,0.8526027089767506,0.8517092964015051,0.784739209342697,0.21526079065730291,0.9178481649069884,0.9013929618768328,0.9135626554489136,0.9052460193634033,0.5471236109733582,0.5687732100486755,0.008316629566252232,0.4606862873405513,0.47401926917431014,0.017212041595343286,0.021649612113833427,0.021649612113833427,0.0426712102150284,0.053262144327163696,0.07821495085954666,0.2651688754558563,6,8336,,,,,,,,,,,,,,,,,,,,,,,,,,,,,,,,,,,,,,,,,,,,,,,,,,,,,,,,,,,,,,,,,,,,,,,,,,
,,,,,,,,,,,,,,,,,,,,,,,,,,,,,,,,,,,,,,,,,,,,,,,,,,,,,,,,,,,,,,,,,,,,,,,,,,6,8336,0.9167115092277527,0.9561049938201904,0.8389368357721829,0.10454446646840587,0.922834575176239,0.564181387424469,0.9918640851974487,0.11268038302659988,0.8873196244239807,0.008135913871228695,0.87689608335495,0.9428397417068481,0.9328224658966064,0.9705368280410767,0.8467289361547982,0.8026519850175673,0.3962207204251689,0.603779279574831,0.8710670994237266,0.9430353611093,0.9812174439430237,0.9983175992965698,0.17210377752780914,0.024418160319328308,0.01710014045238495,0.15332122021186234,0.022735745704183907,0.03557315659115168,0.14768561720848083,0.14768561720848083,0.9178969264030457,0.9150229096412659,0.9567915797233582,0.9551236033439636,0.8337903927104903,0.8459456819055126,0.587533626402467,0.41246637359753296,0.9161101556741786,0.9122550267243573,0.9922714829444885,0.991281270980835,0.10569754987955093,0.12218999117612839,0.0009901970624923706,0.09796904776982385,0.11347129288089253,0.0027281244467971533,0.016492441296577454,0.016492441296577454,0.9191566109657288,0.9081746935844421,0.9574738144874573,0.9512851238250732,0.8384983843328042,0.8398694445621285,0.7773505675480612,0.22264943245193886,0.9171140146527567,0.90546354688513,0.9923428297042847,0.9901711940765381,0.10936863720417023,0.12281795591115952,0.002171616069972515,0.10171144209374994,0.1129891456349037,0.0044227561029573925,0.013449319638311863,0.013449319638311863,0.04407695113723087,0.03771436586976051,0.06594368070363998,0.22482194006443024
0.8368184566497803,0.9050068855285645,0.8550330107358202,0.5444678984719808,0.96739661693573,0.30281123518943787,0.8501769304275513,0.6942909955978394,0.30570903420448303,0.14982308447360992,0.7744795680046082,0.8800266981124878,0.8564417362213135,0.9340675473213196,0.8718961542286396,0.8243400897416061,0.4093742602383019,0.5906257397616981,0.8793369313801079,0.9385437541750167,0.7650153636932373,0.9054804444313049,0.8434504866600037,0.49130433797836304,0.14046508073806763,0.6084658233805307,0.3967847748723503,0.1894995336342178,0.35214611887931824,0.35214611887931824,0.8415543437004089,0.8296222686767578,0.9087483882904053,0.899164617061615,0.8471672326444871,0.864760774161646,0.6030931902469818,0.39690680975301823,0.9212351171006149,0.9037773359840954,0.8564124703407288,0.84051913022995,0.6677740812301636,0.7272727489471436,0.015893302857875824,0.5241865277933093,0.5677918649762028,0.029240259086590004,0.05949864163994789,0.05949864163994789,0.8377074003219604,0.8335776925086975,0.9059221148490906,0.9016038179397583,0.8546934687625042,0.8550110284502268,0.784739209342697,0.21526079065730291,0.9178481649069884,0.9013929618768328,0.8513365387916565,0.8458722829818726,0.6854345202445984,0.7211896181106567,0.005464240908622742,0.5367710634125618,0.5670618968934389,0.017283807274319662,0.03575507551431656,0.03575507551431656,0.047556064487033534,0.0776258334517479,0.10554715245962143,0.3279488682746887,7,9527,,,,,,,,,,,,,,,,,,,,,,,,,,,,,,,,,,,,,,,,,,,,,,,,,,,,,,,,,,,,,,,,,,,,,,,,,,
,,,,,,,,,,,,,,,,,,,,,,,,,,,,,,,,,,,,,,,,,,,,,,,,,,,,,,,,,,,,,,,,,,,,,,,,,,7,9527,0.9174200892448425,0.956368625164032,0.8481504380755072,0.1344051034844207,0.9252616167068481,0.5663663744926453,0.9896399974822998,0.14476512372493744,0.8552348613739014,0.01036001741886139,0.8789826035499573,0.9426441788673401,0.9335901737213135,0.9704177975654602,0.8548779662050886,0.8156071930941597,0.3962207204251689,0.603779279574831,0.8710670994237266,0.9430353611093,0.9765408039093018,0.9975801110267639,0.2198818325996399,0.033193439245224,0.021039271727204323,0.19642265513711887,0.030773525197012264,0.04461161155470561,0.1866884082555771,0.1866884082555771,0.9182096123695374,0.9162954688072205,0.9568740129470825,0.9556450843811035,0.8426338940011445,0.8555970803394494,0.587533626402467,0.41246637359753296,0.9161101556741786,0.9122550267243573,0.990467369556427,0.9884564280509949,0.12912672758102417,0.1660623699426651,0.002010925905779004,0.11959409775364449,0.15451880540736918,0.005536444021965625,0.03693563491106033,0.03693563491106033,0.9198318719863892,0.9089998006820679,0.957729160785675,0.951574444770813,0.8466434830782685,0.8522281364544118,0.7773505675480612,0.22264943245193886,0.9171140146527567,0.90546354688513,0.9902628660202026,0.98743736743927,0.14052952826023102,0.15773066878318787,0.0028254983481019735,0.1307923794551371,0.14516802279272212,0.00570831314436826,0.017201142385601997,0.017201142385601997,0.039989887245289624,0.036827582865953445,0.06366156786680222,0.21962572634220123
0.8771404027938843,0.9308030605316162,0.8587442649021948,0.49677330964513633,0.9595015645027161,0.36611711978912354,0.9037714600563049,0.5930018424987793,0.4069981575012207,0.09622853249311447,0.830185055732727,0.9096860289573669,0.8968263268470764,0.9515828490257263,0.8745615957913195,0.8283105369023673,0.4093742602383019,0.5906257397616981,0.8793369313801079,0.9385437541750167,0.8393248319625854,0.9456228017807007,0.7635782957077026,0.36086955666542053,0.10629791766405106,0.6029031322790157,0.3064923410181031,0.16021019165032713,0.4027087092399597,0.4027087092399597,0.8779275417327881,0.8759443163871765,0.9316633939743042,0.9294756054878235,0.8515267245808957,0.8677785938414663,0.6030931902469818,0.39690680975301823,0.9212351171006149,0.9037773359840954,0.9032807946205139,0.9045314788818359,0.5813953280448914,0.6074380278587341,0.0012506722705438733,0.4846761328167577,0.5119694727541786,0.009836935472081865,0.026042668148875237,0.026042668148875237,0.879034698009491,0.8702346086502075,0.9321297407150269,0.9258794188499451,0.8585773044753415,0.8587443742809586,0.784739209342697,0.21526079065730291,0.9178481649069884,0.9013929618768328,0.9050175547599792,0.8991460204124451,0.588739275932312,0.6059479713439941,0.00587153434753418,0.4937568185694654,0.5050939496969633,0.015114323795538231,0.01720866560935974,0.01720866560935974,0.0462510588889522,0.054756540805101395,0.07950099557638168,0.2698444724082947,8,10718,,,,,,,,,,,,,,,,,,,,,,,,,,,,,,,,,,,,,,,,,,,,,,,,,,,,,,,,,,,,,,,,,,,,,,,,,,
,,,,,,,,,,,,,,,,,,,,,,,,,,,,,,,,,,,,,,,,,,,,,,,,,,,,,,,,,,,,,,,,,,,,,,,,,,8,10718,0.91807621717453,0.9567248821258545,0.8475749449232203,0.1363750542897184,0.9254143834114075,0.5829761028289795,0.9902282953262329,0.146146759390831,0.8538532257080078,0.009771706536412239,0.8805723190307617,0.9426876306533813,0.9344673156738281,0.9704494476318359,0.8551028909688293,0.813454697239899,0.3962207204251689,0.603779279574831,0.8710670994237266,0.9430353611093,0.9775293469429016,0.9979258179664612,0.22553300857543945,0.028233498334884644,0.020396417006850243,0.20306237946979722,0.026159288017017168,0.04508768503303229,0.1972995102405548,0.1972995102405548,0.9188796877861023,0.9169318079948425,0.9572525024414062,0.9559689164161682,0.8424187990262382,0.8545021848720453,0.587533626402467,0.41246637359753296,0.9161101556741786,0.9122550267243573,0.9914425611495972,0.9884912967681885,0.12646432220935822,0.17295141518115997,0.002951256465166807,0.11790689634052098,0.1614427302430974,0.007225853288700512,0.04648708924651146,0.04648708924651146,0.9201863408088684,0.910709023475647,0.9579352140426636,0.9524556994438171,0.8464042182791949,0.8507806023572846,0.7773505675480612,0.22264943245193886,0.9171140146527567,0.90546354688513,0.9909254908561707,0.9877628087997437,0.13747453689575195,0.17269326746463776,0.0031626829877495766,0.12840003137014033,0.16045607357639224,0.007689067833058005,0.035218726843595505,0.035218726843595505,0.04164819372893025,0.03598213568329811,0.062115319073200226,0.21998228132724762
0.8868460655212402,0.9368560314178467,0.8589717456583161,0.4715048664590613,0.9563966393470764,0.38774192333221436,0.9180978536605835,0.5534070134162903,0.4465930163860321,0.08190213143825531,0.8421357274055481,0.9178356528282166,0.905131459236145,0.9563117027282715,0.8754644913600755,0.827964103357574,0.4093742602383019,0.5906257397616981,0.8793369313801079,0.9385437541750167,0.8564226031303406,0.9581494927406311,0.7380191683769226,0.302173912525177,0.10172684490680695,0.5944417909862414,0.26032337923564897,0.1574555175630108,0.4358452558517456,0.4358452558517456,0.8894413113594055,0.8829025626182556,0.9387547969818115,0.9339167475700378,0.8505917641380032,0.8695056593208814,0.6030931902469818,0.39690680975301823,0.9212351171006149,0.9037773359840954,0.9197556972503662,0.9155301451683044,0.5348837375640869,0.5764462947845459,0.004225580021739006,0.45463943744777247,0.49197641737536957,0.01575523959474867,0.04156256094574928,0.04156256094574928,0.8900955319404602,0.875,0.9389419555664062,0.9290912747383118,0.8599392751746681,0.855172789132101,0.784739209342697,0.21526079065730291,0.9178481649069884,0.9013929618768328,0.9206836223602295,0.9084994196891785,0.5483475923538208,0.5687732100486755,0.012184221297502518,0.46903122408675424,0.4772726241966767,0.02071488494638396,0.020425621420145035,0.020425621420145035,0.04750038800250156,0.051180243492126465,0.07569997012615204,0.2660316824913025,9,11909,,,,,,,,,,,,,,,,,,,,,,,,,,,,,,,,,,,,,,,,,,,,,,,,,,,,,,,,,,,,,,,,,,,,,,,,,,
,,,,,,,,,,,,,,,,,,,,,,,,,,,,,,,,,,,,,,,,,,,,,,,,,,,,,,,,,,,,,,,,,,,,,,,,,,9,11909,0.9179056286811829,0.9566398859024048,0.8503475859247921,0.1341010198239576,0.9252302646636963,0.5798267126083374,0.9902569651603699,0.14384402334690094,0.8561559915542603,0.009743008762598038,0.8799430131912231,0.9428180456161499,0.9341495633125305,0.970514714717865,0.8581213900881702,0.8166909943170902,0.3962207204251689,0.603779279574831,0.8710670994237266,0.9430353611093,0.977605402469635,0.9979258179664612,0.22013871371746063,0.030522700399160385,0.02032037451863289,0.19774412474884095,0.02844849061144683,0.044195540690698865,0.18961600959300995,0.18961600959300995,0.9188126921653748,0.9166136384010315,0.9572005271911621,0.9558374881744385,0.8454790642016197,0.8569625779492233,0.587533626402467,0.41246637359753296,0.9161101556741786,0.9122550267243573,0.9910037517547607,0.9891887903213501,0.13045793771743774,0.16207396984100342,0.001814918010495603,0.12146166413297621,0.1512627788068246,0.00489806638466872,0.031616032123565674,0.031616032123565674,0.9197812080383301,0.9113573431968689,0.9577186703681946,0.9528378844261169,0.8502102807837497,0.8503634935638189,0.7773505675480612,0.22264943245193886,0.9171140146527567,0.90546354688513,0.9906309843063354,0.9889344573020935,0.13584521412849426,0.1683291792869568,0.00169652933254838,0.12647619603158722,0.15726362996369003,0.006080570925654172,0.032483961433172226,0.032483961433172226,0.041430395771079986,0.03636515513062477,0.06287498772144318,0.21879689395427704
0.8863726258277893,0.9368587136268616,0.8462375914711048,0.4284272032176786,0.9522238969802856,0.378266841173172,0.9219815135002136,0.5064456462860107,0.49355432391166687,0.07801847159862518,0.8396298885345459,0.9187708497047424,0.9041695594787598,0.956952691078186,0.8613010940496083,0.8159562122853163,0.4093742602383019,0.5906257397616981,0.8793369313801079,0.9385437541750167,0.8603682518005371,0.9619928598403931,0.6884983777999878,0.25869566202163696,0.10162462294101715,0.5488666620912022,0.22068853473619066,0.15428986989656512,0.4298027455806732,0.4298027455806732,0.8872170448303223,0.8850894570350647,0.9376175999641418,0.9356920123100281,0.8394430155411516,0.8557245857769795,0.6030931902469818,0.39690680975301823,0.9212351171006149,0.9037773359840954,0.9200397729873657,0.9249889850616455,0.5033222436904907,0.5103305578231812,0.004949234426021576,0.4233620262147526,0.43531957983223846,0.003592315009589231,0.00700831925496459,0.017457781116519522,0.8890900015830994,0.8764662742614746,0.9385617971420288,0.930558443069458,0.8471322987523022,0.8428956069124725,0.784739209342697,0.21526079065730291,0.9178481649069884,0.9013929618768328,0.92298424243927,0.9182594418525696,0.5104039311408997,0.4944238066673279,0.00472476938739419,0.4333881411332583,0.4126832468845951,0.00981461085825408,0.015980124473571777,0.016455203030155574,0.04534488176429197,0.05278315767645836,0.07914096117019653,0.2680608928203583,10,13100,,,,,,,,,,,,,,,,,,,,,,,,,,,,,,,,,,,,,,,,,,,,,,,,,,,,,,,,,,,,,,,,,,,,,,,,,,
,,,,,,,,,,,,,,,,,,,,,,,,,,,,,,,,,,,,,,,,,,,,,,,,,,,,,,,,,,,,,,,,,,,,,,,,,,10,13100,0.9166721105575562,0.9561700224876404,0.8320151668058713,0.08460061696002708,0.9212231040000916,0.5805500745773315,0.9938729405403137,0.09072766453027725,0.909272313117981,0.006127046421170235,0.8775253295898438,0.94236159324646,0.9334700703620911,0.9703003764152527,0.8434622091676658,0.7905839286793014,0.3962207204251689,0.603779279574831,0.8710670994237266,0.9430353611093,0.9863883256912231,0.9984097480773926,0.14204983413219452,0.01449828315526247,0.012021421454846859,0.12843818328649226,0.012908054934883006,0.027846026411714297,0.12755155563354492,0.12755155563354492,0.9182319641113281,0.9144502282142639,0.9570420980453491,0.9549241662025452,0.8290471192975053,0.8361036037984043,0.587533626402467,0.41246637359753296,0.9161101556741786,0.9122550267243573,0.9942463040351868,0.993338942527771,0.08812566846609116,0.0942712128162384,0.0009073748369701207,0.08237195372614003,0.08761012432372861,0.0016845524657493893,0.006145545281469822,0.006145545281469822,0.9190384745597839,0.9084104299545288,0.9574897885322571,0.9515253305435181,0.8313098443159315,0.8331880138227626,0.7773505675480612,0.22264943245193886,0.9171140146527567,0.90546354688513,0.9941834807395935,0.9927748441696167,0.08757637441158295,0.10037406533956528,0.0014086294686421752,0.08175985287824039,0.09314891350027588,0.003437851396613567,0.012797689996659756,0.012797689996659756,0.052878280488364404,0.03683029115200043,0.06483627110719681,0.22751788794994354
